"93","590","3825","2762.48","29","true","1979-01-31 02:30:07"
"27","587","4562","4508.92","29","false","1981-09-20 23:13:20"
"74","409","4666","2331.28","9","true","1970-03-24 05:43:31"
"40","242","4588","4831.69","78","true","2001-09-02 15:41:44"
"50","380","4232","4112.62","41","true","1990-06-10 21:50:31"
"49","723","17","2115.04","65","true","1986-03-13 23:47:45"
"28","702","3841","1205.76","26","true","2011-05-23 15:49:14"
"69","744","4255","3941.19","43","true","2012-08-17 21:52:04"
"56","235","2194","4017.95","81","false","2009-10-29 06:51:55"
"48","425","716","2667.49","76","true","1998-03-18 06:26:30"
"78","496","4749","3776.41","17","false","2011-01-04 05:57:01"
"72","162","4901","2937.91","31","false","2003-11-28 07:04:36"
"91","440","4969","2520.51","65","false","1982-05-30 11:09:38"
"26","834","908","2793.85","84","false","1975-04-08 22:52:11"
"34","953","647","3613.27","47","true","1975-10-26 14:09:22"
"33","670","4623","4194.55","36","false","1982-10-30 23:59:15"
"21","356","3068","3089.24","29","true","2002-07-31 09:50:43"
"11","488","4758","3475.54","84","true","1982-02-25 15:39:04"
"24","969","2658","1866.58","64","false","1995-12-23 14:46:33"
"48","672","1514","4189.65","76","true","1987-09-04 02:51:24"
"47","306","2694","1649.62","93","true","2004-10-06 22:15:18"
"13","601","3022","2212.97","58","true","2000-03-03 07:13:05"
"16","72","2289","4190.92","20","false","1981-09-11 17:57:33"
"97","842","389","4863.85","73","true","1986-06-17 21:47:04"
"16","159","23","411.00","81","true","1998-03-27 22:02:01"
"69","318","1691","787.86","46","false","1983-03-29 08:05:23"
"96","422","4405","4308.77","64","false","1972-11-03 14:40:58"
"79","658","4871","3145.85","7","false","1975-02-08 02:50:31"
"47","595","4032","315.47","45","true","1984-10-12 05:14:39"
"95","380","3549","3402.66","67","false","1999-07-13 15:22:44"
"73","383","995","2196.07","71","true","1988-08-07 22:29:11"
"70","394","4887","1947.32","28","true","1973-11-26 12:56:38"
"34","783","792","704.16","45","false","2016-02-28 03:18:22"
"43","927","749","1464.21","0","true","2017-05-08 11:11:56"
"50","769","955","491.34","49","true","1998-08-22 20:01:56"
"29","901","2406","3054.35","75","false","2007-02-05 19:36:34"
"70","13","4514","2533.95","87","false","1982-11-18 09:47:16"
"21","867","2775","4592.32","98","false","1989-08-20 16:42:04"
"99","474","4204","2485.87","95","false","1990-04-21 20:35:01"
"86","892","4253","3023.55","71","false","2001-04-17 07:26:46"
"25","894","162","264.18","64","true","1994-12-17 23:30:16"
"11","339","1108","3141.19","67","true","2012-10-17 14:35:40"
"59","879","1853","3909.37","90","false","2004-03-20 02:39:23"
"77","240","1823","1791.17","19","false","1970-06-07 12:41:08"
"78","172","653","3858.50","17","false","2007-07-17 22:42:55"
"36","30","668","1650.22","79","false","2015-07-07 05:41:39"
"93","459","3913","4910.68","27","true","2015-01-18 03:11:33"
"27","283","1210","4876.98","44","true","1971-03-14 01:06:20"
"19","61","3863","3269.01","96","false","2003-11-19 16:59:14"
"70","735","2354","875.19","69","true","2012-02-11 08:35:25"
"24","991","3779","1568.44","62","true","1979-05-09 12:39:03"
"72","681","2793","1768.80","93","true","1986-07-26 12:02:54"
"74","559","2852","2929.10","69","false","1990-12-14 11:49:55"
"61","444","3920","4853.67","51","true","2013-02-10 14:13:38"
"89","574","2380","1265.76","98","true","1972-03-15 21:05:18"
"67","229","2304","3788.33","13","true","2009-12-14 03:49:01"
"79","500","2346","3092.87","25","false","1989-12-09 17:28:10"
"44","165","1411","4803.15","90","false","2019-01-16 02:52:59"
"0","233","4148","1821.88","94","true","1986-03-09 02:16:12"
"45","877","4266","4778.40","49","true","2003-08-12 18:40:48"
"80","515","4753","3984.98","92","false","2001-05-14 22:15:16"
"78","797","1544","3740.80","42","false","1983-08-17 06:09:42"
"40","47","955","3091.32","8","false","1990-08-12 06:58:00"
"40","921","977","4253.78","20","false","1994-06-29 06:54:42"
"14","547","1257","3489.81","31","true","2018-05-29 08:52:00"
"5","355","4291","3752.91","96","false","1983-04-13 20:06:36"
"72","337","1859","2750.60","59","true","2006-03-16 15:35:37"
"69","386","2005","1400.09","33","false","2018-04-09 01:37:13"
"86","580","2242","1471.64","6","true","1997-01-12 17:21:30"
"3","114","4427","4433.12","15","false","2013-11-19 14:47:29"
"15","330","4039","3739.81","98","true","2014-12-09 09:28:36"
"92","50","1572","2798.21","61","false","2011-02-03 08:07:51"
"75","443","760","1371.78","71","true","1971-07-27 11:25:14"
"61","527","3151","2149.17","29","false","2011-07-15 21:57:19"
"63","273","4695","2338.99","52","true","1982-10-22 03:11:09"
"52","890","2460","3726.43","25","true","2014-05-27 20:46:56"
"40","585","3583","3224.52","39","true","2005-09-02 09:03:58"
"12","52","1027","1556.10","37","true","1976-07-15 08:03:02"
"17","617","2437","908.42","77","false","1984-11-23 14:44:51"
"17","167","2017","444.68","99","true","1999-11-19 00:50:26"
"33","921","4977","2259.08","72","true","2015-09-21 11:40:59"
"60","399","4813","2818.02","54","true","2021-01-29 10:17:14"
"14","748","4755","1682.57","88","true","1984-03-13 23:08:36"
"92","206","3322","4028.90","18","true","1994-11-08 11:43:39"
"4","889","296","820.71","5","true","2020-03-10 06:18:34"
"93","703","4494","2973.96","95","true","1985-04-25 10:01:18"
"63","815","3952","2585.95","99","false","2001-10-04 10:32:20"
"74","336","2389","1711.84","94","true","2006-10-12 05:03:48"
"13","956","2519","900.41","58","false","2021-02-01 06:27:36"
"84","944","3623","3173.06","27","false","2004-06-04 01:00:04"
"97","575","2987","1133.64","71","false","1994-09-21 20:04:41"
"73","270","4800","2930.88","60","false","1984-04-10 15:56:04"
"60","920","1816","4446.74","36","true","2021-03-06 12:25:08"
"52","216","3979","1120.34","65","true","1970-07-28 20:30:11"
"72","410","3825","1123.55","42","true","1982-09-11 11:43:23"
"90","140","3155","1299.48","67","true","2009-03-22 18:05:20"
"18","143","99","1279.52","99","false","1988-12-02 03:16:18"
"47","541","129","902.08","35","true","1983-12-30 02:55:28"
"28","437","2851","1390.83","26","false","2001-03-24 17:32:05"
"50","212","4713","675.20","72","true","1971-09-06 11:14:04"
"24","898","2834","4019.85","62","false","1980-01-02 13:54:58"
"92","159","3123","2593.34","92","false","2010-10-02 10:45:54"
"36","472","4813","1285.50","21","true","1982-02-19 12:58:14"
"52","400","42","1753.32","51","false","1999-07-07 08:57:46"
"53","568","2541","973.12","4","false","2009-03-10 03:17:22"
"9","309","2967","4203.18","20","false","1987-08-05 12:46:04"
"7","436","4049","3063.88","5","false","2002-05-07 05:52:40"
"17","235","797","641.41","85","true","2006-09-08 20:52:00"
"95","202","341","4956.26","94","true","2013-04-12 03:12:12"
"53","96","4718","4650.91","63","true","2018-06-22 04:58:16"
"73","990","993","581.56","67","true","1977-01-23 20:49:58"
"30","105","557","1769.22","85","false","1994-08-20 20:59:02"
"98","956","2668","3352.42","13","false","1983-11-23 23:08:45"
"19","547","761","4088.86","60","true","2005-06-29 05:15:35"
"90","59","2030","3015.99","62","false","1982-07-10 07:38:08"
"75","633","538","3090.27","42","false","2000-07-26 13:09:02"
"8","927","4299","4566.06","49","false","1982-08-23 00:18:40"
"55","918","2253","4598.38","31","false","1986-04-27 01:01:39"
"82","530","961","4993.82","8","true","2005-06-12 23:18:37"
"2","100","1776","1102.38","53","true","1995-07-16 02:31:17"
"81","118","3136","2709.18","29","false","1998-12-09 15:12:47"
"52","186","2010","4734.46","68","false","1972-06-11 03:06:50"
"51","574","3133","1764.21","49","false","2003-10-20 22:19:25"
"5","482","208","2620.25","81","true","1981-03-30 23:52:53"
"88","909","1585","4071.26","17","false","2020-02-09 15:22:59"
"21","127","1351","1219.05","28","true","2005-10-25 11:08:27"
"86","227","148","1027.03","8","true","2002-12-23 20:58:49"
"91","198","4051","3499.83","66","false","2004-05-17 16:25:37"
"15","476","3494","3227.45","64","true","1973-08-04 19:46:05"
"84","98","41","4653.54","3","true","1987-02-07 03:28:59"
"17","550","3411","1581.75","59","false","2016-04-18 22:29:08"
"58","361","1042","4053.62","8","true","1984-12-30 03:07:46"
"72","708","121","2321.32","29","true","2016-10-26 00:49:27"
"22","350","2414","2299.26","71","false","1972-04-06 08:33:52"
"39","46","2470","4909.26","64","true","2018-08-12 19:42:24"
"23","863","4025","310.17","47","false","2013-02-24 12:44:29"
"7","859","197","232.64","38","true","1992-06-24 03:38:32"
"49","258","3952","321.61","37","false","1999-06-20 20:21:30"
"62","884","2820","1556.46","66","false","1980-08-28 03:35:56"
"38","149","4031","1351.95","59","true","1992-10-24 11:48:14"
"97","856","252","4114.73","85","true","1983-11-14 15:32:48"
"38","403","4687","29.39","39","false","2021-05-01 14:28:15"
"90","137","3780","1989.41","57","true","2009-12-30 22:58:50"
"76","268","4759","2250.84","24","true","1990-12-16 10:32:02"
"45","550","4122","1633.21","36","true","1974-03-26 15:56:31"
"94","687","4621","734.49","83","true","1977-07-09 14:53:38"
"96","890","4366","2258.65","25","false","1995-09-26 03:03:48"
"38","952","4069","2596.51","88","false","1997-07-23 04:26:06"
"88","65","457","659.85","78","false","1977-09-10 17:44:43"
"85","227","2855","4729.12","67","false","1996-09-30 09:44:49"
"18","303","2667","1092.01","63","false","1990-11-01 00:57:33"
"1","545","694","3079.88","58","false","2000-02-03 19:42:10"
"47","998","908","4480.73","67","true","1976-08-04 19:12:15"
"45","967","3257","995.75","54","false","1999-11-26 00:10:32"
"93","948","3147","2459.66","42","true","1999-09-19 20:05:48"
"65","43","4338","1906.04","33","false","1994-06-12 06:18:25"
"8","733","1054","4950.50","36","true","1977-04-10 22:24:32"
"54","518","2035","3246.79","16","true","2019-12-31 00:22:50"
"2","38","2898","1715.72","40","false","1999-05-22 11:37:59"
"99","300","544","718.78","20","false","2012-04-08 09:59:26"
"98","793","4893","2953.46","0","true","2001-01-16 02:57:23"
"16","782","2358","251.34","30","false","2000-08-22 07:06:04"
"56","562","3379","2122.76","11","true","1992-09-25 04:05:26"
"81","335","1678","1895.57","11","false","1995-08-18 18:00:46"
"17","39","4804","1299.24","93","false","2017-04-29 04:57:09"
"3","438","2673","2347.49","64","true","1974-12-01 23:19:55"
"79","412","2592","3298.36","73","false","2021-04-13 18:21:10"
"23","887","2880","1723.67","42","true","1979-04-25 07:54:16"
"54","117","1798","3621.55","34","false","1986-06-14 16:19:40"
"74","779","1835","388.41","31","true","1980-02-11 10:42:08"
"75","748","3823","3197.46","95","false","1985-01-25 10:15:22"
"68","125","3814","4873.07","34","true","2008-09-04 06:06:54"
"35","523","807","2898.47","29","true","1978-10-14 19:08:33"
"25","435","2317","472.14","25","true","2001-02-01 01:05:18"
"76","526","4974","1620.00","22","true","1979-04-21 17:40:24"
"19","443","2851","3987.24","74","true","1972-12-05 09:01:10"
"80","399","2672","4424.21","31","true","2018-09-01 12:21:44"
"73","743","888","3360.03","73","false","1977-10-31 10:30:09"
"72","302","4073","3005.16","75","false","2015-04-16 01:18:43"
"89","561","950","4382.32","26","true","2020-12-09 03:38:44"
"72","210","4006","2295.67","43","false","1985-06-19 01:36:37"
"60","681","1758","36.85","66","false","1975-11-27 06:27:34"
"1","237","711","774.09","30","false","2021-01-07 19:11:13"
"43","953","3583","1070.90","7","true","1984-05-06 10:53:37"
"46","102","4159","1008.71","73","false","1985-01-28 04:58:59"
"38","887","4271","4641.77","85","true","1979-12-25 22:11:51"
"45","200","1109","2887.49","91","false","1978-02-03 08:06:11"
"71","524","2054","4739.05","32","false","1995-03-12 23:27:44"
"57","81","1320","2896.42","14","false","2013-09-05 21:46:44"
"42","29","603","2617.75","92","false","1991-07-05 14:38:09"
"80","887","2560","1759.84","46","false","1995-03-17 22:17:57"
"9","343","3130","639.06","73","false","2014-12-14 13:44:54"
"20","423","1710","4826.24","69","false","2007-10-02 18:00:48"
"33","428","2810","4887.45","45","false","2017-07-29 09:35:56"
"20","868","2033","2240.96","36","true","2012-10-21 09:53:38"
"97","150","940","4599.24","81","true","1990-04-07 01:24:07"
"74","705","2364","1186.00","56","false","1993-01-02 15:42:18"
"35","596","810","3822.15","85","false","2007-11-28 09:23:39"
"37","220","3752","2464.33","6","false","2017-01-24 10:53:23"
"41","105","1884","1455.39","20","false","2018-06-19 01:00:42"
"65","361","2762","3763.38","17","false","2015-03-10 23:10:10"
"83","875","1261","3365.26","35","false","2015-01-02 11:27:44"
"34","721","2576","4471.29","2","false","1998-03-20 10:44:23"
"86","906","4354","3387.71","59","true","1974-02-24 14:53:04"
"63","233","2881","2209.42","27","true","2008-04-16 08:07:25"
"53","40","3987","4439.41","0","true","2018-07-11 05:36:48"
"22","800","2490","4895.91","41","false","1986-09-01 10:28:37"
"37","730","2490","2268.31","40","false","1984-08-07 12:05:04"
"98","674","3824","4893.59","53","false","2002-02-05 18:21:43"
"66","413","1027","2819.74","83","true","2013-09-03 19:46:47"
"2","762","2747","2740.78","40","true","1977-12-28 01:12:07"
"38","392","2637","4357.19","71","false","2009-09-24 03:13:20"
"48","123","2575","3102.58","7","true","1979-06-30 00:40:06"
"78","118","1408","1692.54","76","true","2020-07-21 07:55:25"
"99","850","3922","461.67","55","false","1978-01-17 06:06:13"
"83","800","1453","1611.69","36","true","2010-10-05 17:11:37"
"23","941","3118","2149.87","68","true","2009-11-22 07:07:20"
"6","719","2596","1973.92","43","true","1995-07-20 02:46:44"
"45","164","4466","1483.58","26","false","2010-07-27 07:17:46"
"72","141","3409","3686.57","6","true","2019-04-20 11:42:31"
"11","313","2445","1542.59","55","false","2006-09-29 20:41:27"
"51","807","3670","1308.70","11","true","1999-05-24 02:53:39"
"9","157","4733","3757.16","4","false","1977-08-13 17:27:08"
"33","453","2902","2687.98","16","false","1975-08-29 06:32:47"
"29","216","4687","3122.60","71","true","1979-03-10 21:15:22"
"69","51","3880","3266.26","40","false","2020-01-06 03:30:48"
"56","119","1453","3965.80","45","true","2006-01-20 16:50:30"
"6","385","2238","2443.71","98","true","1984-11-16 12:04:03"
"13","389","1866","501.09","26","true","1974-06-10 21:20:09"
"79","471","3224","1891.29","21","false","2004-10-27 12:23:18"
"49","947","153","1300.25","86","false","1983-11-01 16:46:15"
"93","372","4172","2564.87","13","false","2007-06-16 14:45:43"
"80","487","2698","2482.53","50","true","2002-07-24 05:16:27"
"76","147","3444","2832.32","33","false","1992-11-12 06:20:35"
"91","823","701","3909.50","67","true","2018-09-04 06:36:24"
"78","674","2077","3198.98","53","true","1982-10-08 05:36:30"
"69","116","624","3613.49","65","true","2007-08-26 14:12:52"
"40","563","1388","4943.80","43","false","1976-05-11 19:45:44"
"3","851","210","3028.71","80","true","1983-08-28 19:50:18"
"74","168","4374","1607.37","100","false","1996-04-03 03:50:34"
"82","920","3304","124.35","25","true","1999-09-04 13:40:56"
"48","84","1973","1025.48","35","false","2007-06-17 14:34:07"
"80","565","181","4480.28","38","true","1987-11-25 00:30:39"
"18","785","384","1281.24","87","true","1999-10-13 02:53:38"
"4","599","3937","3532.08","4","true","1976-12-04 13:54:25"
"31","981","3826","2956.34","68","false","1976-05-25 19:38:59"
"23","879","3010","302.49","29","true","1974-03-26 06:56:52"
"2","831","4512","2477.53","16","false","1977-08-18 09:15:36"
"60","769","912","2196.76","56","true","1992-11-06 14:21:10"
"70","483","2987","221.67","77","false","1978-09-10 09:45:32"
"27","610","4197","4771.64","94","false","2021-08-20 03:43:29"
"49","373","3363","1535.31","51","false","2000-12-18 02:42:19"
"99","24","4891","4509.42","49","false","1992-06-28 15:18:30"
"79","84","2439","143.63","64","true","1994-12-18 17:48:03"
"5","244","976","3050.89","11","false","1976-12-07 16:23:37"
"74","218","1239","1377.18","34","true","1974-05-23 22:28:46"
"21","553","2860","2201.76","2","true","1986-01-29 10:48:23"
"18","830","3045","4385.78","50","false","2006-10-09 08:52:25"
"74","52","395","3549.85","96","false","2011-05-04 17:10:19"
"10","30","1332","905.28","73","true","1995-09-11 01:56:58"
"69","477","4345","4400.85","37","false","2004-05-21 17:31:34"
"71","545","2855","2116.50","6","true","1985-03-25 16:45:17"
"3","462","4195","1752.83","13","false","2001-11-21 13:49:03"
"58","336","4918","72.13","33","true","2004-09-28 21:38:10"
"74","297","3420","1023.78","61","false","1983-03-11 10:48:45"
"66","419","1024","2881.72","39","false","2010-04-24 17:06:35"
"0","932","325","296.76","41","true","1975-08-02 05:40:04"
"35","818","3830","3749.23","53","true","2018-05-22 05:41:08"
"82","799","4302","4411.54","8","false","2018-05-20 06:51:53"
"37","379","2505","3924.71","86","true","2004-07-02 14:04:48"
"45","713","2861","3917.85","86","true","1979-08-26 10:27:30"
"74","661","2767","2347.16","42","false","2009-10-17 07:18:52"
"55","323","2891","189.74","51","true","2019-04-19 11:08:38"
"35","292","529","4586.07","29","true","1986-12-22 14:37:02"
"75","251","1473","3690.18","91","true","2012-10-06 06:54:12"
"5","930","2446","1982.18","97","true","2019-10-15 05:10:19"
"90","697","1556","1456.92","74","false","2006-06-07 21:41:09"
"21","20","4450","2348.71","9","false","1988-10-22 20:46:40"
"53","83","4813","34.23","58","false","2016-07-03 06:13:44"
"55","642","3934","3625.63","5","false","1987-09-11 21:53:14"
"30","646","3944","1148.01","22","true","1994-06-18 10:03:20"
"62","642","3699","1478.95","47","false","1970-11-23 23:40:16"
"63","380","2521","3476.29","97","false","1985-12-11 10:57:09"
"82","615","3656","2890.28","37","false","2009-09-19 18:29:48"
"32","719","1242","4706.02","3","false","2004-01-15 02:18:13"
"95","83","3684","141.23","89","true","1977-12-11 18:20:48"
"68","861","2624","1847.85","99","true","1996-09-20 21:47:19"
"72","762","2219","1433.35","71","true","1974-11-24 13:23:43"
"63","854","3332","131.13","61","false","1989-08-08 18:36:54"
"71","735","1626","973.83","41","false","1991-04-24 05:06:09"
"87","907","4576","3434.70","71","true","2009-05-24 06:37:11"
"86","831","3692","2998.32","59","false","1977-08-19 07:25:19"
"41","380","2410","3125.63","16","true","1990-10-31 08:52:48"
"55","524","709","98.84","97","true","2017-03-08 19:55:36"
"63","958","1199","3389.15","84","true","2007-10-16 08:21:15"
"83","551","1615","4673.44","48","true","2013-01-04 21:07:49"
"46","388","517","2330.91","13","true","2003-09-24 12:45:01"
"76","684","4849","2820.76","62","true","2012-03-30 20:14:07"
"67","674","876","344.12","70","true","1975-11-10 22:52:21"
"41","887","1469","1378.16","60","true","1997-10-24 10:01:11"
"2","974","4189","2494.39","81","false","1987-08-07 20:01:38"
"65","350","4358","4058.24","75","true","1989-05-05 05:03:21"
"2","189","2106","4226.12","49","false","1998-06-22 07:08:16"
"12","37","3843","1763.18","61","true","1979-12-03 08:56:53"
"71","689","3485","478.94","9","false","1990-11-03 09:34:16"
"85","672","4261","1756.65","29","false","1984-01-25 13:16:30"
"11","584","2392","2768.34","13","true","2011-11-23 00:50:32"
"9","209","1946","2269.10","86","true","1987-01-26 15:18:22"
"38","392","39","3467.54","48","false","2010-07-15 08:25:58"
"94","657","1903","3883.07","87","true","1978-05-02 09:59:28"
"36","587","3434","223.88","14","true","1977-11-06 09:26:57"
"54","132","4857","2055.30","54","false","2019-06-27 14:22:25"
"61","748","1828","144.40","84","true","2000-08-01 15:58:02"
"74","931","1527","199.95","73","true","2003-03-15 03:35:39"
"85","890","4189","2338.00","20","true","1976-07-05 01:15:26"
"45","496","2970","861.73","95","false","1976-09-16 18:47:53"
"87","999","1792","357.49","78","false","1971-03-04 22:07:36"
"82","341","2319","2983.07","37","false","1982-01-16 21:12:38"
"12","973","1063","528.36","85","true","2018-04-05 07:44:09"
"75","573","2752","840.86","39","true","1995-09-14 12:45:20"
"34","714","3548","2757.33","65","true","2007-02-02 13:56:20"
"17","528","2239","2478.72","71","true","1981-11-12 13:15:09"
"77","542","3900","2315.00","93","false","1984-03-30 09:42:20"
"61","648","3655","449.99","80","false","2004-08-07 05:25:09"
"19","774","245","3302.16","39","false","2015-02-05 04:47:17"
"49","274","3607","597.21","18","false","1988-11-30 21:24:39"
"11","913","1197","4608.86","99","true","2016-01-12 11:53:52"
"27","70","4555","1863.47","74","false","2003-11-07 05:19:41"
"86","589","4261","2672.07","96","true","2002-01-29 08:00:16"
"9","757","3164","985.40","50","true","2006-05-03 08:04:53"
"99","779","4236","1841.95","91","false","2004-06-02 17:50:21"
"3","727","3265","969.48","66","false","2000-07-11 09:27:56"
"72","783","2236","3040.16","64","false","2017-04-23 01:06:41"
"60","133","2702","1661.13","77","false","1990-12-19 18:08:55"
"66","480","2201","3536.01","64","true","1978-03-24 12:37:27"
"82","383","4263","805.01","80","false","1992-01-19 15:02:33"
"49","820","3750","1533.41","70","true","2004-06-08 23:40:51"
"62","539","1284","4224.82","24","true","2006-02-17 12:19:02"
"6","441","4052","4798.56","82","true","2003-03-27 15:08:13"
"26","74","1907","4891.03","65","false","2003-02-07 20:21:54"
"66","619","859","3611.49","71","false","1981-07-07 15:34:39"
"9","739","422","1978.77","79","false","2004-01-23 01:28:29"
"11","673","705","808.61","72","true","1989-11-15 05:43:52"
"69","695","4685","3156.66","74","true","1975-03-12 11:13:40"
"4","418","322","4486.16","94","true","2003-09-26 08:43:54"
"71","144","588","3365.35","8","false","2011-01-30 08:01:57"
"54","197","2132","572.68","79","false","2014-06-21 21:47:57"
"94","96","4065","985.76","17","false","1976-12-14 21:16:06"
"3","393","3692","4095.50","93","true","2012-11-14 21:27:48"
"74","448","3018","3941.06","63","false","2011-04-01 14:49:45"
"28","174","4447","4899.92","73","true","1984-09-15 14:21:25"
"19","829","915","2116.23","83","false","1981-10-02 17:18:56"
"74","222","4511","1186.20","89","false","1995-10-18 18:12:42"
"28","799","972","4127.60","95","false","1983-08-28 04:58:00"
"90","686","1786","2261.92","77","true","1991-12-08 23:35:32"
"7","139","1701","3550.19","5","false","1979-12-04 13:04:13"
"27","883","1046","2851.41","70","true","1999-10-11 07:49:44"
"77","598","173","4030.94","58","false","1995-01-10 21:44:12"
"58","435","3016","4501.40","91","true","1980-12-24 15:26:36"
"81","759","448","1368.91","89","false","2017-01-31 14:03:13"
"89","404","4749","2569.39","14","false","2005-12-19 16:17:53"
"83","522","262","1526.67","10","true","1991-07-14 11:24:49"
"44","29","3195","3325.91","84","true","1996-12-09 12:39:22"
"32","673","1162","3564.55","3","true","2021-02-10 11:26:21"
"9","180","4235","776.65","24","false","1988-02-13 00:18:07"
"89","257","977","4710.70","22","true","2009-12-31 07:18:51"
"80","625","4771","2312.08","80","true","1978-10-26 11:54:26"
"58","56","3725","4746.90","39","true","1998-11-16 10:44:54"
"91","657","1091","867.71","52","false","2010-12-05 10:19:33"
"29","337","1588","2619.30","89","true","2018-09-18 11:14:04"
"44","223","1783","804.63","46","true","2006-12-19 03:05:44"
"14","22","1400","2130.16","51","false","2002-04-26 07:45:46"
"92","71","494","1310.29","75","false","2012-09-07 07:24:15"
"84","626","4326","387.59","74","false","2008-04-10 20:12:03"
"67","433","1703","3561.67","54","true","2019-02-03 00:57:27"
"90","14","2567","844.22","9","false","1980-11-13 01:56:47"
"59","841","2838","2235.59","19","false","1978-09-08 00:37:19"
"82","659","3126","2647.02","67","true","1998-12-23 18:25:37"
"73","516","3171","1673.97","46","false","1993-02-18 15:58:20"
"5","263","4701","3514.93","82","true","1989-11-17 03:10:17"
"16","416","546","224.06","93","true","1992-12-05 09:39:18"
"11","795","3606","1665.29","48","false","1998-01-11 10:29:40"
"20","113","3644","2441.36","89","true","2018-04-23 18:52:59"
"87","119","1422","753.06","73","true","2003-04-28 14:43:40"
"49","887","705","1009.34","77","true","1992-12-27 08:31:34"
"65","293","1277","3237.29","82","true","1990-03-18 00:26:18"
"94","441","3082","4555.82","72","false","2012-06-29 01:36:10"
"64","100","2564","875.55","65","true","1987-11-24 20:53:15"
"88","236","3794","1312.91","34","true","1993-05-24 10:22:37"
"47","956","1335","4297.07","72","false","1996-12-29 02:16:29"
"83","52","4459","3696.01","12","true","1997-07-21 13:51:09"
"31","435","1090","3141.94","98","true","1990-05-18 08:20:14"
"13","18","4692","4689.40","83","false","1991-09-22 13:34:41"
"5","931","3342","3345.26","31","true","1995-03-10 16:39:07"
"35","150","4451","1382.24","4","false","1994-01-27 07:29:17"
"84","853","4556","3670.06","48","true","2005-07-03 21:18:02"
"6","371","2787","1662.51","47","true","2007-04-27 09:08:18"
"21","381","3118","4901.72","58","true","1975-05-15 19:51:38"
"62","370","652","93.55","59","false","2010-02-15 18:45:36"
"45","107","1432","4447.81","54","true","1991-08-04 17:00:27"
"84","247","980","3694.02","70","true","2001-02-11 14:51:01"
"48","444","4457","556.42","7","true","1997-11-23 23:31:56"
"9","201","181","2735.40","70","false","1975-11-18 18:51:13"
"64","13","3386","4169.79","65","false","2004-02-18 13:24:16"
"18","450","1307","3422.56","96","false","1970-03-24 14:09:22"
"37","38","2115","4214.32","99","true","1982-12-11 05:36:19"
"92","344","2051","1817.31","91","false","2008-11-24 08:50:46"
"36","753","4294","101.62","18","true","1984-03-13 19:39:41"
"73","287","1166","3789.12","62","true","1975-01-05 03:22:25"
"58","264","3953","2256.42","57","true","1990-05-10 03:04:41"
"32","891","4813","4272.12","27","false","2007-12-07 12:59:59"
"50","511","1514","1482.43","7","false","1978-08-07 12:13:13"
"13","760","1585","3491.95","95","true","1976-05-15 18:39:39"
"66","937","3451","1456.77","71","false","2019-01-27 23:57:39"
"58","762","1692","4557.91","11","false","1983-11-30 05:26:35"
"77","349","95","1867.16","69","false","1995-03-31 00:36:31"
"77","273","1829","3355.74","20","false","1994-06-20 08:26:46"
"84","589","260","0.12","40","true","1988-10-28 15:20:59"
"39","561","2511","684.49","22","false","1999-06-18 12:05:17"
"37","834","3583","2588.96","51","true","1980-10-01 15:39:51"
"21","245","3686","2751.90","94","true","1996-08-17 11:54:30"
"61","338","2678","2956.87","30","false","2009-07-04 07:20:33"
"33","615","4364","2975.01","80","true","1983-11-06 22:25:02"
"29","842","1383","3354.93","89","true","2003-04-16 11:06:55"
"25","685","1884","1542.21","28","false","2006-12-11 21:48:27"
"23","573","4486","1227.91","41","false","2008-04-28 15:06:08"
"92","1","1437","3117.92","47","true","2002-04-13 07:04:16"
"71","927","4215","3371.47","98","true","2011-12-11 15:57:18"
"96","58","977","642.61","3","false","2008-02-09 16:51:18"
"73","942","15","2460.61","87","false","1988-02-25 19:05:11"
"52","752","1724","4498.67","19","true","2007-01-18 19:35:55"
"57","687","3654","1561.16","73","true","1970-05-03 07:08:35"
"73","189","3187","195.59","47","true","2021-09-22 12:16:56"
"5","819","4944","2797.34","6","true","2003-01-31 17:24:00"
"10","320","2014","4983.80","68","true","1993-02-05 16:32:42"
"36","557","4535","4982.18","54","true","1982-05-14 07:15:56"
"27","938","4282","2482.98","61","false","2010-09-13 12:46:49"
"20","477","2176","4070.79","86","false","1982-11-17 10:54:13"
"47","690","3182","3249.90","74","true","2020-07-17 21:27:10"
"65","870","3559","2966.72","53","false","2000-04-07 19:43:42"
"25","610","2857","488.23","52","true","1970-12-27 05:36:45"
"99","500","212","3153.96","54","false","1979-12-26 03:07:23"
"45","627","1191","1189.26","93","false","1999-04-14 01:07:59"
"28","496","2377","471.59","14","false","1992-06-12 21:00:31"
"90","617","2201","1832.26","67","false","2020-10-23 13:42:34"
"60","715","4894","2851.92","28","false","2016-06-22 02:43:52"
"79","665","366","1077.63","73","false","1999-06-06 09:44:25"
"4","792","833","3222.57","73","false","2002-07-25 23:14:35"
"29","499","4625","3335.50","26","false","2009-11-29 03:23:41"
"27","544","4320","365.74","14","true","1982-09-05 02:05:42"
"83","844","3032","3911.63","80","true","1976-02-05 13:53:04"
"54","955","432","1635.59","22","true","2009-02-07 13:40:53"
"44","598","1228","2897.95","91","false","1979-09-11 07:59:17"
"18","136","2437","716.04","55","true","2016-04-20 09:06:34"
"39","552","2617","876.87","57","false","2000-05-08 01:59:50"
"13","308","2913","2088.24","20","true","1980-03-16 06:52:59"
"18","517","1557","3717.74","46","false","1975-09-16 09:32:22"
"45","176","74","1393.79","58","true","1971-01-15 03:20:08"
"16","230","4501","1039.02","35","false","1976-06-11 08:02:39"
"52","624","2418","73.09","36","true","1997-12-21 08:01:41"
"49","824","1783","4129.80","9","true","1977-05-11 04:50:41"
"98","826","48","3926.13","91","false","1986-04-30 23:42:34"
"1","742","2995","363.67","10","false","1988-12-17 13:30:09"
"24","967","4606","4533.17","56","true","2004-07-22 19:40:20"
"27","796","3113","2436.51","66","false","2014-02-13 07:30:55"
"92","703","1874","688.55","94","true","2012-11-10 21:30:37"
"31","120","294","2505.54","88","false","1977-06-23 10:31:14"
"74","164","1425","3834.82","25","true","2008-10-08 12:12:42"
"78","777","4994","2469.37","95","true","2013-11-21 22:06:23"
"53","472","4780","4736.16","29","false","2012-06-12 06:41:45"
"71","686","3373","1382.09","74","true","1979-09-16 09:51:43"
"71","799","491","4476.47","31","true","2005-03-13 12:44:46"
"41","329","1059","1782.56","27","true","2016-11-28 17:07:25"
"70","472","3278","3912.30","99","true","2020-03-14 06:34:17"
"51","733","1730","84.24","64","false","2012-12-15 20:28:22"
"0","462","409","61.88","38","false","1989-04-03 01:33:35"
"97","792","4739","1751.13","16","true","1977-09-27 02:41:34"
"74","750","1361","1167.45","61","true","1971-11-17 13:38:01"
"75","245","4423","4403.44","53","true","1993-02-26 10:44:17"
"11","441","2167","4919.56","12","true","2017-02-09 19:21:51"
"32","476","4536","3854.82","1","true","2011-03-12 22:05:24"
"34","552","1587","495.10","14","false","2021-06-04 11:53:22"
"98","894","3626","4463.86","44","false","1984-06-12 07:54:10"
"48","992","3999","4752.19","82","false","2021-05-01 06:03:01"
"44","777","3606","4872.96","82","true","2014-11-10 11:45:43"
"63","693","3402","4938.27","39","true","2021-03-20 11:51:02"
"69","838","3377","1511.56","34","true","2002-01-26 08:53:44"
"62","745","4535","217.65","66","true","1982-10-03 19:13:10"
"34","982","1813","3089.44","5","false","1998-04-29 00:01:21"
"11","383","4176","338.78","89","true","1983-11-23 06:28:54"
"69","225","3517","2497.43","51","true","2002-11-24 11:45:45"
"22","820","782","1157.78","31","true","2007-05-23 09:51:57"
"76","473","1644","2498.90","6","true","2001-12-11 20:03:12"
"16","918","417","4002.82","75","false","2010-10-07 18:22:28"
"54","80","3504","2985.46","32","false","2007-07-21 22:10:07"
"20","197","3064","2258.62","0","true","1972-08-16 21:13:55"
"39","300","4536","2560.84","95","false","1978-10-21 05:37:29"
"25","663","2829","4146.21","75","true","1992-06-27 10:39:34"
"34","995","1024","4523.58","73","false","2012-01-01 01:49:24"
"33","920","3813","4259.01","15","true","2010-06-11 16:40:55"
"27","388","4511","3823.44","78","true","1973-08-01 15:57:19"
"87","85","4298","456.25","86","false","2020-09-16 19:54:27"
"8","867","1778","965.85","47","true","1980-06-15 12:14:44"
"74","856","3591","780.01","51","true","1977-05-26 21:10:34"
"71","632","1894","1013.30","86","false","2013-01-18 01:15:25"
"49","588","4420","4170.97","78","false","1996-05-28 00:25:56"
"5","409","4582","624.72","33","true","1979-08-17 15:38:55"
"84","690","4375","1318.49","25","true","1987-04-17 08:40:58"
"44","348","3184","2475.17","34","false","1988-07-07 03:03:25"
"57","844","4969","1610.76","38","true","1987-09-01 00:28:53"
"58","530","514","4326.91","30","false","2021-11-12 11:10:47"
"86","176","457","2732.60","37","true","2021-02-05 04:06:47"
"78","422","4739","3724.70","99","false","2014-11-26 01:47:28"
"26","67","984","4802.43","32","false","2011-06-27 13:36:32"
"29","66","4933","1423.08","87","false","2020-07-29 19:26:00"
"62","312","3217","195.95","62","true","1972-04-02 06:12:32"
"33","947","1142","369.89","54","true","1989-05-13 04:53:53"
"7","849","3529","2498.10","86","true","1998-08-22 18:29:18"
"62","744","4936","1395.03","29","true","2005-03-06 07:23:31"
"59","389","3104","29.66","78","true","1999-09-27 10:25:23"
"34","777","553","1139.52","82","false","2014-12-11 20:01:23"
"2","556","1343","1561.67","95","false","2019-05-16 21:24:29"
"81","326","2855","4381.77","82","false","1992-11-08 07:07:37"
"73","82","2523","1590.14","72","true","2000-02-26 07:07:14"
"63","676","1294","1232.06","13","true","2003-10-24 17:18:21"
"46","182","1326","2365.35","29","false","2002-12-16 03:46:31"
"82","497","3495","4467.41","12","true","1991-12-09 07:16:42"
"50","94","3281","3729.61","87","true","1980-11-10 05:44:53"
"92","316","4683","432.61","30","false","1985-04-25 18:22:18"
"38","379","3016","3683.35","16","true","1993-12-12 11:07:44"
"64","982","1118","1022.10","87","true","1976-01-12 15:39:19"
"43","122","2880","4770.69","70","true","1996-10-07 13:17:20"
"24","2","1448","1734.27","45","true","1993-02-07 07:41:07"
"70","761","59","2968.81","21","false","2021-06-10 19:46:23"
"3","476","940","3824.52","7","true","1980-09-10 16:14:37"
"50","896","1007","1780.10","16","true","1994-10-20 15:00:25"
"47","328","1217","3724.94","42","false","2010-09-01 15:01:04"
"9","793","4335","3355.12","72","false","1972-01-14 01:56:51"
"68","780","683","1171.20","19","false","1981-04-16 01:01:57"
"13","298","4771","2520.29","14","false","2011-05-20 07:48:40"
"86","244","129","1346.39","44","true","1992-08-27 20:08:56"
"75","574","2385","4195.11","69","true","1986-06-18 15:24:37"
"85","493","2422","1531.91","75","true","1993-10-20 13:54:13"
"71","832","843","3433.39","63","false","1989-12-24 06:00:17"
"2","820","1624","3298.23","19","true","2007-08-09 12:55:13"
"79","716","923","4537.55","53","true","1992-03-03 23:58:16"
"13","191","3195","528.16","94","true","2012-05-01 12:21:26"
"84","766","179","4482.69","23","true","2012-07-25 14:02:59"
"10","368","1689","4825.73","36","false","1985-12-17 22:45:02"
"20","544","3107","2374.07","89","true","1999-12-08 08:01:11"
"42","905","21","803.60","17","true","2000-12-17 06:48:20"
"57","746","109","655.08","93","false","2009-02-27 17:26:24"
"89","927","91","4043.67","79","false","1994-05-10 16:19:29"
"45","989","58","2649.88","63","true","1987-11-02 04:00:16"
"39","807","4083","2639.64","68","false","1991-11-28 20:07:52"
"62","138","1022","411.99","17","false","2019-10-17 09:38:29"
"55","280","3902","1448.33","1","false","1976-08-26 03:25:46"
"81","900","908","1608.03","88","true","1981-12-19 08:48:06"
"40","991","3978","4671.82","25","true","2006-02-13 21:58:39"
"94","507","4904","2773.56","23","true","2020-03-25 03:21:25"
"74","718","1154","2185.81","13","false","2017-08-11 21:22:14"
"52","330","83","4684.80","40","false","1972-05-05 19:29:20"
"46","775","2862","1674.51","52","false","1986-07-05 09:43:10"
"94","804","3473","4216.73","66","false","1995-08-16 01:58:44"
"60","997","3078","3968.15","2","false","2021-05-27 04:10:06"
"50","148","4842","1388.40","29","false","1973-12-17 23:15:04"
"94","319","3987","172.27","50","false","2010-02-01 03:47:39"
"24","421","270","2812.48","63","false","1992-05-19 20:37:47"
"42","565","409","219.26","87","false","1994-04-03 01:04:14"
"76","630","1523","2013.45","89","false","1992-06-03 22:09:05"
"1","849","1982","1099.28","93","true","1972-10-02 10:38:17"
"30","844","2815","2634.79","73","false","1977-09-10 21:12:17"
"2","102","3530","1771.40","19","false","1971-10-20 06:56:43"
"26","19","13","4430.30","27","true","1980-06-01 17:50:54"
"15","284","241","364.24","52","false","1997-11-26 20:10:43"
"84","759","3797","2870.00","31","true","1975-06-29 23:27:30"
"89","852","956","1702.60","59","false","1974-07-08 13:52:06"
"32","799","2743","251.05","29","false","1996-11-20 14:09:56"
"22","8","2935","3445.08","76","true","1978-01-06 05:36:10"
"32","786","4936","1238.86","99","true","1990-05-03 08:28:30"
"21","328","2567","898.55","63","true","2018-02-01 14:43:49"
"76","46","2247","2030.04","74","true","2018-04-28 11:02:06"
"73","153","2597","778.29","29","true","2004-12-13 00:01:41"
"89","374","2758","431.22","48","false","2004-11-10 13:40:15"
"47","210","1614","3049.44","62","true","1977-04-30 03:55:00"
"93","969","2351","453.78","73","true","1977-09-14 16:33:35"
"12","658","4600","3067.56","49","false","1970-06-24 16:35:38"
"87","847","4578","1577.61","12","true","2001-10-18 12:33:53"
"67","100","3310","3000.27","63","true","2020-10-11 11:25:42"
"5","537","3559","2399.94","24","true","1994-04-28 02:09:09"
"43","998","778","2702.79","20","true","2020-01-12 00:02:18"
"12","226","2734","1902.44","62","false","1977-07-18 03:02:47"
"57","945","3322","1126.40","49","true","2011-05-07 07:02:19"
"74","441","2484","378.98","53","true","1976-05-29 16:12:56"
"5","760","2552","317.59","17","true","1970-01-03 08:45:08"
"60","149","564","120.35","40","true","1995-03-18 21:06:55"
"63","449","938","3594.64","38","true","2010-01-04 03:47:48"
"4","882","641","3919.03","25","true","1975-12-01 20:01:38"
"26","156","2198","4772.13","66","false","2018-01-21 02:51:25"
"88","890","4971","3838.84","100","true","1974-07-30 20:59:58"
"46","93","3292","3357.68","39","false","2002-08-25 21:24:22"
"47","727","2413","4579.05","48","false","2013-09-19 18:39:26"
"11","186","3372","2221.47","45","true","2003-06-21 13:04:43"
"16","81","955","3394.57","58","false","1995-12-22 14:54:37"
"57","900","879","788.10","1","false","2013-01-05 03:39:28"
"7","33","3662","2096.15","11","true","1976-12-17 14:59:22"
"6","727","1301","3460.09","58","true","2018-09-27 04:32:42"
"68","681","114","1796.81","52","true","1978-03-05 19:03:19"
"84","114","4418","2005.72","56","true","1985-10-27 19:28:23"
"66","930","2637","2250.15","17","false","2018-01-22 20:03:55"
"37","412","795","4185.33","2","true","1980-11-28 15:39:03"
"44","459","462","4107.70","55","true","1983-02-23 12:50:26"
"49","227","694","2794.04","74","true","2020-03-24 09:27:14"
"5","550","4943","418.50","4","false","1977-11-07 14:56:52"
"8","583","2378","1268.82","53","true","1992-04-12 19:12:02"
"64","896","588","2280.82","62","true","1998-10-21 08:04:17"
"47","95","933","926.89","7","true","2009-01-07 07:05:49"
"71","819","4670","4700.17","31","true","1999-03-26 02:58:10"
"11","183","3971","54.25","26","true","2016-04-11 23:47:34"
"52","665","341","4072.11","86","false","1977-09-22 21:39:44"
"48","641","2806","4990.30","71","true","2008-11-25 13:22:23"
"75","392","4618","1726.73","53","false","2006-10-30 02:32:00"
"77","870","1775","2326.80","21","true","2011-05-29 07:22:33"
"61","476","1372","2361.36","29","true","2018-06-22 00:56:06"
"6","246","4630","1146.12","30","true","2017-12-12 21:24:51"
"33","133","1630","1044.78","63","false","2018-11-25 16:37:06"
"33","488","3823","1137.65","59","false","1980-02-14 13:00:17"
"73","249","761","3306.75","34","true","2021-05-19 06:16:19"
"95","78","4088","4053.33","71","false","1993-07-21 23:39:25"
"55","446","41","4939.26","49","true","2020-11-04 23:12:11"
"17","230","2270","328.57","86","true","1986-12-21 19:41:16"
"13","15","746","1116.05","71","false","2016-10-16 12:24:53"
"99","951","3206","1308.41","71","true","2017-05-02 15:52:00"
"79","224","2905","2190.20","16","false","2020-06-23 01:22:01"
"66","253","1792","2765.37","31","false","1980-08-09 05:07:58"
"44","902","317","4146.22","74","true","2020-03-15 19:18:21"
"49","159","3073","4174.16","71","false","1995-05-14 18:09:54"
"29","47","2171","4867.35","21","true","1995-01-05 16:08:27"
"59","625","2060","1581.77","3","false","1980-03-02 21:35:21"
"65","843","123","3576.65","56","true","1996-04-08 16:42:30"
"80","311","982","4720.47","17","false","2010-01-17 15:13:10"
"83","285","4579","3405.09","8","true","2008-08-31 07:14:12"
"57","198","4822","3729.62","29","true","2020-10-04 14:24:45"
"16","552","1526","355.04","37","false","1991-01-08 22:21:02"
"57","588","4793","164.95","40","false","2005-06-06 05:00:49"
"29","356","1046","564.85","76","false","2005-08-14 14:24:47"
"57","817","4950","3804.79","6","true","1972-06-06 08:30:11"
"66","681","4786","1191.50","74","true","2003-12-17 17:56:27"
"54","783","2972","3551.35","48","true","1978-05-16 23:11:56"
"15","20","2192","1534.68","52","true","2004-10-31 01:00:41"
"57","514","269","1255.34","47","false","2009-04-14 00:44:57"
"88","576","1487","3285.25","87","true","2016-11-14 11:26:15"
"14","90","3502","1464.23","97","false","1982-01-02 10:10:51"
"48","838","2880","507.70","74","true","2017-05-11 21:49:25"
"4","592","1946","119.20","24","true","1984-01-26 22:42:33"
"26","9","1091","3474.18","1","false","2007-09-28 10:58:39"
"33","306","3240","1168.88","67","false","1983-04-29 12:04:50"
"1","632","4851","2007.15","27","false","1982-08-28 06:27:46"
"24","715","456","4286.82","2","true","2012-07-29 08:35:27"
"77","928","1174","3835.68","64","true","1990-09-23 03:17:00"
"39","249","1298","4198.03","52","true","1974-04-23 03:03:22"
"29","927","2018","877.90","45","false","1987-10-30 00:21:10"
"58","763","1895","3942.66","68","false","1993-09-20 02:25:28"
"96","198","2886","237.26","24","true","2012-02-25 00:12:57"
"16","360","395","4813.82","59","true","1989-06-30 03:56:00"
"58","454","1610","4338.62","48","false","1990-12-17 12:41:55"
"23","48","643","4198.03","92","false","2013-11-22 21:12:07"
"1","21","416","552.24","97","true","2011-09-09 13:45:26"
"34","75","3098","2419.41","100","true","1988-10-29 09:32:18"
"47","38","4750","466.92","38","true","2016-09-02 13:03:02"
"27","658","1389","4493.99","98","true","1992-08-13 22:29:32"
"87","489","4477","606.89","33","true","2020-05-02 14:41:23"
"61","112","3134","880.89","1","true","1977-04-27 10:20:31"
"48","341","1841","664.20","2","true","1976-01-19 13:54:53"
"32","969","2222","4350.06","45","false","1988-02-16 17:35:51"
"60","90","2749","4382.69","51","false","2003-09-04 18:44:18"
"45","707","984","1964.04","37","true","1973-04-07 04:59:06"
"82","547","1936","2078.82","2","true","1980-12-02 17:43:04"
"11","105","1556","348.54","83","true","1982-02-20 21:36:19"
"55","130","4427","1028.78","86","true","1987-09-17 21:02:49"
"94","995","2210","4431.94","20","true","1980-04-25 08:02:42"
"29","80","4429","2661.64","86","false","2007-06-08 08:03:34"
"34","747","3485","366.22","56","true","2015-04-08 17:42:04"
"52","862","3263","2808.18","78","true","2019-11-23 08:43:25"
"72","991","1214","2627.66","10","true","1994-06-20 20:36:29"
"8","73","2167","3386.55","63","true","2005-11-20 18:11:10"
"55","78","2820","189.01","2","true","1970-07-11 12:54:50"
"12","481","1816","1234.43","68","false","2010-04-14 08:41:48"
"76","533","3349","256.82","67","true","2010-09-04 13:06:48"
"8","100","1823","1806.00","62","false","2019-05-11 20:25:21"
"42","802","1852","4444.19","92","true","2001-11-20 19:54:13"
"35","620","2640","2148.07","37","true","1977-01-13 20:55:08"
"33","351","3776","689.55","75","false","1991-08-01 09:34:49"
"96","65","3840","228.35","15","true","1984-01-23 09:01:33"
"49","211","4627","3506.49","2","false","1970-02-23 04:48:10"
"76","822","4559","4641.97","16","true","2005-01-28 03:39:35"
"9","640","3662","244.68","70","true","2007-12-28 14:06:56"
"26","911","2061","4542.84","95","false","1996-09-24 05:14:44"
"1","293","512","951.59","44","true","1995-10-29 21:26:18"
"11","260","40","1067.15","25","false","1976-03-22 21:00:02"
"72","237","123","983.72","17","true","1980-10-28 21:47:51"
"0","694","1025","2904.00","34","false","1979-08-23 14:03:04"
"32","866","4172","1643.78","4","false","1992-03-03 17:44:21"
"77","763","132","4014.83","28","false","1987-04-02 18:08:33"
"19","535","1519","2580.32","86","false","2017-11-17 23:42:24"
"18","56","4183","4531.76","14","false","1991-05-28 06:00:05"
"75","711","4034","2419.05","46","true","2009-02-04 07:03:36"
"27","382","1551","621.01","9","true","2020-12-16 22:46:14"
"8","172","3761","3122.76","77","true","2004-07-23 01:33:31"
"96","239","4950","1828.72","82","true","2015-01-11 09:28:57"
"3","800","4179","4998.22","31","false","2008-11-23 13:55:44"
"99","159","2402","367.88","30","true","1990-12-14 15:19:29"
"45","215","3859","4251.73","69","false","2012-06-02 22:34:18"
"24","624","338","3341.22","40","false","1979-06-17 00:55:26"
"4","739","3171","4092.30","26","false","2003-01-26 18:37:54"
"16","314","4437","994.05","56","true","1991-09-29 08:35:13"
"71","944","294","2338.34","69","true","1977-07-25 21:42:00"
"43","606","908","3813.55","80","true","1998-08-09 23:25:28"
"16","562","2092","4719.04","88","true","1991-01-05 23:45:46"
"71","753","1004","665.44","57","true","1999-12-03 12:26:20"
"85","495","2795","3347.02","92","true","1970-05-10 08:26:30"
"55","794","2289","3884.27","15","true","1984-05-25 08:15:46"
"3","867","4655","4224.87","34","true","1991-01-08 11:29:40"
"78","476","1485","816.65","28","false","2016-10-27 11:10:31"
"12","168","164","2815.98","80","false","1988-07-26 02:23:33"
"34","797","2097","2103.81","10","true","1970-08-12 22:06:07"
"35","202","3825","2706.48","9","false","2001-01-22 23:43:03"
"22","360","2567","3870.16","47","false","1983-08-08 23:25:39"
"52","527","706","3211.15","16","true","2005-09-09 08:00:25"
"93","616","737","2144.35","53","false","1992-01-27 21:48:07"
"97","872","29","860.50","57","true","2020-02-12 23:16:09"
"34","28","2268","4291.66","93","true","2007-09-10 21:43:50"
"86","845","4","4813.53","70","true","1989-02-28 17:34:41"
"20","272","820","3949.61","29","false","1971-07-19 02:01:45"
"63","966","3190","92.40","44","false","1994-09-20 11:39:05"
"59","818","538","3078.61","18","false","1993-10-24 08:36:45"
"25","811","1088","2718.42","3","true","2021-05-23 21:11:34"
"88","208","3621","265.40","43","true","1980-06-25 12:25:19"
"39","439","88","2785.66","91","false","1981-05-09 10:04:53"
"38","189","3569","3532.49","100","true","1997-10-27 16:07:37"
"10","806","757","2026.67","81","true","1996-11-03 01:00:15"
"12","473","2564","4627.94","99","true","2004-12-17 21:32:14"
"3","604","1257","2024.51","3","false","1986-06-12 23:09:04"
"37","666","2828","3191.02","54","true","1991-03-28 16:03:06"
"5","989","2095","801.23","72","false","2015-10-17 10:32:48"
"40","972","2535","2891.63","96","false","2010-01-07 00:49:14"
"93","927","1730","2695.79","26","true","1987-12-04 19:59:47"
"22","528","1046","474.05","70","true","2003-09-22 20:27:45"
"19","151","1054","3336.19","80","false","2002-05-03 01:54:00"
"19","121","1167","4334.12","98","true","1974-05-29 20:23:08"
"92","348","3935","4905.44","6","false","2010-07-20 13:38:20"
"52","851","2126","4232.73","51","true","2018-12-19 10:44:37"
"78","318","4418","2742.45","56","false","2001-11-11 11:15:42"
"64","634","105","2628.08","1","false","1996-06-17 04:11:49"
"76","960","4999","4371.98","40","false","2014-08-22 15:03:16"
"71","68","4904","9.14","44","false","2021-02-11 07:12:35"
"51","145","3519","4910.70","91","true","1988-07-31 20:33:20"
"71","751","4301","597.71","21","false","1978-06-04 23:11:20"
"8","402","203","584.92","77","true","1998-07-30 02:04:50"
"94","909","2663","4490.61","91","false","1981-08-29 21:52:19"
"67","381","2334","108.15","91","true","2017-01-20 10:56:28"
"57","179","2836","2932.72","77","false","1990-12-18 21:12:32"
"51","750","1592","4983.41","74","false","2014-11-20 09:13:56"
"92","174","2814","662.54","54","true","1991-04-26 05:52:41"
"25","936","1022","2644.99","49","false","1990-01-14 18:20:18"
"35","455","2640","3980.69","6","false","2015-07-29 18:06:35"
"37","219","1344","4504.87","80","false","1983-07-05 03:14:12"
"58","939","4082","1759.37","70","true","1984-12-26 21:18:39"
"37","213","3428","505.31","53","false","1983-06-11 11:13:55"
"59","835","1359","3168.58","54","true","2009-08-06 01:01:40"
"63","790","3519","168.04","57","true","1973-12-10 20:04:17"
"47","1","156","4778.86","35","true","2016-02-28 04:09:42"
"92","779","1469","904.81","20","false","1977-01-17 07:04:44"
"23","726","948","963.59","10","false","1998-07-29 01:14:34"
"50","831","3420","151.58","62","false","1978-07-12 02:23:31"
"40","911","3253","648.58","49","false","1971-11-04 07:17:07"
"50","528","260","4555.30","48","true","1999-01-31 11:19:59"
"46","132","4310","1551.27","93","true","2009-04-10 04:29:01"
"83","255","3961","4081.44","15","true","2021-01-10 00:19:05"
"2","235","657","646.96","52","true","1989-11-29 03:02:00"
"57","939","4417","4003.58","74","true","2011-11-21 22:42:59"
"65","525","2374","3356.75","67","true","2009-07-09 06:32:03"
"75","555","807","4912.01","90","false","2016-05-26 16:25:10"
"30","521","685","2801.04","84","true","2004-02-25 11:05:39"
"24","137","478","3312.48","96","true","1990-03-12 18:06:09"
"83","18","2615","2430.53","79","true","2004-04-13 15:07:25"
"79","550","384","3737.71","54","false","1981-06-18 20:32:07"
"4","597","2692","2566.93","32","false","1997-10-09 10:14:48"
"49","322","2611","3841.76","42","true","2021-08-16 17:47:01"
"74","887","1417","2748.88","60","true","2010-01-31 06:54:44"
"1","549","1219","3550.48","73","false","2020-03-31 08:49:24"
"41","24","4011","1291.90","42","false","1980-06-08 18:42:06"
"79","226","4550","1200.59","86","false","1993-05-19 14:02:18"
"32","413","3030","2093.13","39","false","2003-02-28 13:25:58"
"44","931","1333","1358.64","93","false","1986-09-21 14:28:03"
"37","726","4380","4238.14","69","true","2011-03-08 16:00:11"
"85","950","766","2291.36","69","false","1998-01-14 04:25:58"
"41","198","1137","3405.76","35","false","1992-01-29 13:38:40"
"51","427","4071","2816.80","21","false","2012-11-16 12:59:48"
"93","247","3920","2631.70","46","false","2019-02-01 02:51:15"
"62","994","3089","2498.36","38","false","1989-12-18 06:09:28"
"32","260","4326","743.53","37","false","1984-03-10 22:42:00"
"61","873","4406","1577.63","91","true","2005-06-28 18:39:26"
"10","230","4068","1295.37","22","true","2008-10-27 15:31:28"
"7","379","1861","4127.22","27","true","1979-08-29 19:36:44"
"61","182","995","580.10","66","true","2007-04-29 01:10:27"
"86","176","4355","3849.00","42","false","2016-05-12 15:26:06"
"5","284","1308","557.89","56","true","2010-06-17 00:23:41"
"31","969","4561","1674.91","19","true","1972-01-12 11:13:55"
"30","179","4835","3139.84","59","true","2012-01-27 09:21:28"
"51","121","1437","2945.10","52","false","1984-06-26 19:04:59"
"32","768","4770","540.39","46","true","2018-08-03 14:13:05"
"74","557","4501","4993.39","92","false","2013-01-27 17:34:52"
"99","618","4736","2440.38","39","false","1993-02-16 11:19:59"
"38","632","4833","3953.37","3","true","2011-05-17 01:33:19"
"29","559","709","2463.01","36","false","1983-06-20 04:02:09"
"57","753","4056","2290.72","6","true","1975-02-08 19:01:09"
"20","518","3936","3229.03","29","false","2001-05-15 22:53:56"
"4","144","422","2026.52","2","true","1987-09-26 18:53:30"
"68","165","1571","1125.65","21","true","1976-12-10 01:20:13"
"99","782","4622","750.62","27","true","1983-11-12 07:12:51"
"88","768","3868","879.72","34","false","2017-06-10 14:27:48"
"20","419","2437","1485.07","93","true","2017-11-17 02:05:11"
"54","129","3658","1004.77","3","true","2019-11-23 10:14:32"
"77","167","3947","3422.95","72","true","2019-01-16 01:03:21"
"96","358","4583","4646.77","27","true","2020-08-25 18:54:16"
"6","681","3513","2083.49","59","false","1979-06-24 12:49:19"
"59","438","3218","2591.61","24","true","2007-05-27 07:31:21"
"44","3","2832","4192.17","17","true","1984-10-14 22:26:39"
"62","365","795","4303.66","80","true","2015-12-02 17:48:19"
"4","715","369","3413.84","0","true","1981-01-01 01:14:40"
"80","675","269","1471.45","54","false","1981-12-30 01:51:03"
"11","344","2406","2664.13","0","true","2001-09-22 11:00:56"
"36","757","4589","633.92","95","true","2011-08-18 05:08:04"
"80","825","2630","2906.60","92","false","1987-05-08 02:06:51"
"77","727","453","3960.48","17","false","2021-06-30 16:45:07"
"54","293","881","3285.66","64","true","1996-08-09 23:37:39"
"87","748","1092","3864.52","59","true","1983-12-04 06:34:22"
"68","791","4687","2178.34","36","false","2020-08-05 02:57:25"
"68","413","1660","2992.19","51","true","1988-07-25 18:57:18"
"87","299","544","4210.07","56","true","1977-04-20 09:40:30"
"55","857","1069","2426.82","43","true","2014-08-29 04:36:07"
"14","2","1687","1570.71","18","false","1983-12-29 10:24:40"
"12","716","1858","3698.28","92","true","2021-01-24 23:14:39"
"21","318","1562","3829.08","4","true","2012-04-06 22:39:14"
"37","200","2138","1071.67","12","false","1988-05-22 14:10:45"
"87","53","1018","4994.23","17","true","2021-07-05 19:19:27"
"69","235","1713","4118.43","55","false","2014-10-17 02:30:53"
"12","820","4999","4979.29","27","true","1987-01-15 04:26:15"
"55","444","1525","2495.13","27","true","1977-01-26 03:49:05"
"72","231","35","3023.51","83","false","2021-09-25 19:32:35"
"81","431","90","702.75","64","false","2012-10-29 04:35:44"
"3","288","109","3375.66","91","false","2015-12-05 05:07:23"
"54","172","3409","3299.70","46","false","2008-08-11 15:40:09"
"11","305","4200","2004.73","57","true","2002-08-20 22:36:26"
"41","655","4010","4655.90","7","true","2001-06-05 22:32:51"
"87","539","3136","2179.40","14","true","1989-01-23 15:50:51"
"43","243","1209","2872.74","1","false","1986-06-25 09:37:05"
"20","698","2951","151.02","81","true","1979-02-07 16:29:23"
"75","95","3281","253.36","58","true","1980-04-29 07:11:20"
"60","866","384","50.61","59","false","1984-09-24 01:15:45"
"42","992","1704","4168.47","5","true","1998-02-14 06:46:55"
"72","218","117","3606.45","8","false","1976-04-06 14:14:46"
"71","874","3192","1970.13","64","false","2020-04-18 03:09:10"
"92","946","3235","4464.44","1","true","1984-01-23 05:51:41"
"19","665","2834","2846.94","23","false","1987-05-12 17:17:44"
"24","879","3270","4826.45","8","false","2015-01-18 21:13:31"
"22","378","41","472.30","82","true","2016-07-06 20:18:10"
"70","830","346","4790.38","37","true","1987-01-27 19:20:02"
"14","733","1467","4355.01","12","false","1978-08-28 07:27:36"
"64","495","2171","371.24","65","false","2011-06-28 03:15:02"
"22","893","3733","4101.01","43","false","2005-02-02 08:01:47"
"2","202","3233","505.78","53","true","1985-10-10 22:19:26"
"65","995","1226","2821.41","46","true","2006-03-25 15:04:23"
"80","503","1117","2009.45","5","false","2018-12-01 10:19:14"
"76","458","3471","151.24","88","true","2014-12-07 16:20:44"
"85","135","3131","2776.59","100","false","1995-03-09 04:23:17"
"75","619","2392","4118.60","75","false","1992-08-27 08:06:21"
"72","230","1455","666.99","100","false","1975-10-03 01:55:08"
"98","954","3609","411.63","45","false","1972-05-28 10:10:38"
"87","691","2889","2174.43","84","false","2006-06-16 23:25:48"
"90","576","2168","2840.67","47","true","2006-04-16 05:33:43"
"60","340","4584","2244.81","76","false","2004-09-08 14:36:00"
"55","36","3577","3611.41","32","false","1998-03-13 19:29:39"
"89","698","539","248.04","28","true","1986-06-26 07:54:47"
"80","46","4599","1009.19","70","true","1977-03-28 07:52:58"
"25","577","4863","1987.24","89","true","2010-02-22 03:15:24"
"31","371","3467","2562.03","29","true","1982-11-24 09:21:02"
"53","175","2194","221.39","52","false","2001-06-23 01:50:34"
"26","15","2005","2366.70","67","false","2016-08-10 21:50:04"
"14","118","2603","2472.60","25","false","1970-05-08 00:08:32"
"78","395","1784","3642.81","59","false","1973-01-11 23:16:29"
"10","681","2883","3988.70","12","true","2011-12-09 18:06:34"
"59","256","4840","483.88","30","true","2018-07-17 08:36:44"
"38","139","2839","3392.19","21","false","1985-06-07 03:04:05"
"19","310","4056","729.08","62","false","1988-01-04 06:26:37"
"78","633","3763","1214.94","86","false","2004-04-11 05:53:27"
"3","222","3627","2075.80","16","false","1980-10-27 10:54:44"
"96","394","2223","1674.54","46","false","1972-12-26 17:39:27"
"20","844","1396","4724.33","46","true","1996-08-18 10:35:55"
"8","705","3010","64.61","76","false","1989-12-12 22:40:11"
"47","709","2743","195.38","76","false","1980-11-21 00:33:05"
"50","620","4001","2716.64","46","false","2002-10-10 04:45:48"
"36","768","1795","3134.56","69","true","2009-05-02 01:46:12"
"4","51","3290","1956.91","85","false","2002-02-12 04:20:11"
"62","283","3244","2140.11","22","false","2006-07-10 08:49:33"
"31","12","4826","947.47","75","false","1986-12-27 08:15:54"
"99","491","845","1588.74","11","true","2003-01-06 22:45:25"
"94","243","973","1749.93","5","false","1994-11-15 16:55:23"
"59","394","4211","2996.61","75","true","1990-04-26 23:15:47"
"37","738","3490","22.64","84","false","1991-01-04 02:07:01"
"32","300","3586","3207.42","35","false","1996-01-20 22:02:39"
"51","406","2740","2175.85","6","true","1991-05-29 17:22:55"
"77","323","843","1717.49","1","true","1983-11-14 01:25:46"
"98","450","4895","3161.76","47","true","1991-06-09 14:19:30"
"61","623","2430","2719.69","20","false","1997-08-08 23:03:11"
"87","526","1004","507.98","9","false","1989-08-08 00:38:47"
"81","670","1784","1757.80","51","false","2010-12-28 19:52:16"
"76","238","437","789.01","51","true","2000-11-06 13:06:13"
"54","142","1494","1856.85","58","false","2017-01-03 01:44:20"
"40","589","1317","3980.75","41","false","1994-10-03 12:18:00"
"93","931","982","4460.22","40","false","1981-11-30 14:29:53"
"18","378","1676","421.47","27","false","2009-11-14 15:49:18"
"13","432","3522","3317.83","77","false","2010-09-12 07:41:46"
"60","745","2914","3941.96","5","true","2013-07-25 00:51:48"
"4","825","2253","480.49","26","false","2015-01-31 12:29:07"
"88","656","3210","174.26","24","true","2003-02-23 16:48:55"
"13","31","641","2514.58","72","false","1972-04-27 03:57:26"
"88","774","3830","2777.74","95","false","1974-01-04 07:37:40"
"2","197","2397","4826.68","10","true","1999-02-10 18:38:31"
"69","217","2832","1780.22","15","false","1994-03-28 12:03:30"
"63","618","3894","1566.27","49","true","1982-06-08 15:30:59"
"49","652","2339","3508.13","76","true","1997-07-18 08:18:44"
"39","822","2136","2810.83","24","false","2008-04-26 21:07:11"
"97","679","1863","1854.50","40","false","1983-07-13 12:09:29"
"24","578","745","3823.77","63","true","1983-09-02 18:26:35"
"48","619","269","68.79","14","true","2018-05-19 07:43:32"
"67","112","4549","3465.52","73","true","1976-05-18 21:04:23"
"6","637","4977","1968.26","66","false","1987-09-04 06:07:14"
"37","767","297","4212.34","30","true","2012-07-13 18:53:35"
"65","503","4321","3751.24","58","true","1991-07-10 09:47:21"
"25","200","1218","2372.42","99","true","1996-06-18 12:44:42"
"95","555","954","2368.96","56","false","1974-07-24 21:08:28"
"51","634","3010","154.16","100","false","1998-09-23 14:28:37"
"63","438","4766","2258.78","45","true","1997-08-02 11:19:21"
"63","112","3118","4060.87","84","true","1996-04-27 21:06:18"
"73","659","4965","2289.98","61","true","2008-06-17 21:43:48"
"67","812","1516","2770.91","20","false","1979-04-16 04:01:25"
"30","138","3343","2951.52","88","false","1980-06-17 14:24:47"
"32","321","3551","4566.79","37","false","2002-05-03 11:40:14"
"35","633","4770","4277.64","0","true","2020-05-10 17:43:19"
"26","63","114","1961.88","29","false","1998-06-24 02:24:29"
"81","358","4815","4496.26","65","false","1976-01-23 09:25:41"
"29","872","4423","1034.77","56","false","1996-11-02 06:04:09"
"90","16","4965","1702.67","89","false","1981-01-06 11:59:02"
"36","425","58","3946.17","50","false","1999-01-15 13:03:09"
"84","234","1495","2434.69","47","true","1971-08-03 19:13:32"
"39","752","3720","79.11","13","true","1989-03-08 14:00:47"
"8","416","1384","2032.37","18","false","1985-02-04 22:26:28"
"35","386","109","3951.94","78","true","1984-12-05 05:59:12"
"3","145","518","943.15","7","false","1987-07-17 13:27:34"
"15","358","3324","2397.38","10","true","2010-12-21 08:19:36"
"40","48","4663","1796.07","32","false","2009-10-19 08:41:13"
"39","802","1730","512.58","16","true","1977-11-14 06:41:07"
"90","453","2678","4727.53","6","false","2014-03-15 12:58:37"
"93","888","3242","3097.72","71","false","1997-07-03 22:45:34"
"89","394","2479","1490.84","27","true","1983-02-09 18:18:27"
"17","201","188","3518.56","74","false","2007-12-08 07:51:19"
"50","968","1273","1419.22","64","true","1988-12-13 23:46:40"
"51","43","1467","2175.93","53","true","2009-10-18 04:09:53"
"65","151","2704","1828.95","94","true","2005-08-22 03:53:38"
"79","79","706","1847.56","53","false","2017-03-16 23:17:07"
"4","929","1614","2502.89","61","false","1984-08-19 11:58:45"
"35","541","325","3404.54","17","false","1972-10-28 10:40:48"
"13","237","3464","2348.58","13","false","2014-03-18 06:43:54"
"15","705","2851","2194.85","97","true","2008-10-25 00:37:00"
"21","920","2567","129.08","65","true","2011-07-02 11:00:13"
"66","356","4549","3887.27","91","true","2005-02-23 01:45:10"
"80","809","4081","3278.57","32","true","2002-10-15 09:34:38"
"18","920","2349","1260.55","18","false","2015-12-09 17:24:03"
"54","680","869","1807.90","11","false","1983-05-17 01:34:02"
"98","602","303","1205.07","10","true","1989-09-18 03:58:05"
"52","274","1109","4567.11","24","false","1974-09-15 03:54:54"
"42","829","4804","3724.41","65","false","2011-01-22 10:35:27"
"38","862","2198","1449.71","10","false","1979-05-14 14:46:10"
"4","520","2056","2472.19","44","true","2018-04-20 05:53:32"
"37","925","558","2346.08","92","false","1970-10-20 05:31:39"
"68","91","3800","711.09","88","true","1973-09-07 18:56:52"
"40","950","3388","511.91","2","false","2003-04-16 19:15:32"
"32","136","3452","2348.72","84","true","1979-02-26 08:15:00"
"36","648","2418","4777.22","11","false","2019-05-07 23:08:54"
"25","164","4622","4101.15","59","true","1995-04-15 19:03:03"
"62","325","66","2234.32","31","false","1984-04-11 16:42:33"
"20","537","1205","248.35","13","false","1997-05-13 06:30:36"
"29","905","3126","868.36","56","true","2012-05-22 21:55:25"
"64","894","2237","2821.58","70","true","2011-05-01 00:42:18"
"64","761","972","676.54","6","false","1994-08-28 20:38:46"
"34","9","2295","1029.21","11","false","1974-09-21 06:07:56"
"11","616","560","2291.67","66","true","2017-10-18 13:38:35"
"97","387","1641","4919.36","80","false","2006-09-16 21:21:52"
