"516.91","531.19","1984-11-08 13:18:02","0","1329","13","125734.4"
"1047.04","81.40","1991-08-16 06:13:29","1","936","31","20049.45"
"2736.21","3063.41","2021-04-26 04:10:33","2","1598","19","221065.2"
"1546.69","3311.34","1981-10-20 04:47:43","3","1735","23","177.31"
"3732.95","781.78","2021-10-21 07:12:46","4","701","44","173588.24"
"2557.93","4325.98","1978-03-18 14:05:33","5","1054","45","162283.28"
"4872.63","2055.02","2020-06-20 01:05:21","6","1826","9","403738.95"
"4918.14","4614.68","2006-09-18 11:30:21","7","540","20","330638.0"
"3461.31","693.57","2011-02-22 04:00:53","8","218","36","16396.530000000002"
"2987.43","2605.14","2002-02-09 07:23:00","9","1971","13","8441.44"
"3917.82","3986.13","2011-11-15 19:20:36","10","240","9","155600.64"
"2900.27","2255.61","1974-02-19 12:49:17","11","1345","9","53710.05"
"1021.94","652.42","2004-10-03 06:59:31","12","248","28","347026.95"
"4666.38","261.03","1983-07-07 17:10:19","13","88","12","32627.43"
"2527.63","3888.81","2006-02-25 10:47:15","14","286","45","0.0"
"2738.07","1140.42","2010-01-27 21:38:36","15","1524","49","90569.22"
"2716.11","1375.36","1995-11-07 09:44:55","16","670","32","287787.68"
"2693.10","2177.87","2012-01-04 06:21:08","17","600","34","8559.16"
"3467.62","977.38","1977-01-02 01:53:01","18","1736","4","427632.83999999997"
"2636.76","1013.30","2006-02-24 22:23:04","19","1448","12","173786.6"
"1173.18","857.28","2008-07-13 05:59:08","20","682","17","196760.34"
"187.32","3927.39","1981-01-09 20:15:26","21","450","47","199116.54"
"2846.64","2348.38","2010-07-18 17:56:37","22","531","22","140035.06"
"2583.91","2821.85","1996-10-11 11:34:43","23","1272","29","25845.12"
"808.75","3942.88","2002-02-08 13:17:42","24","1298","14","208279.96000000002"
"2821.21","4742.83","1972-06-03 15:04:57","25","272","15","148567.5"
"2990.02","4130.14","1974-10-24 00:45:17","26","1679","13","59319.52"
"117.67","3507.20","2014-05-24 18:11:58","27","953","25","310872.03"
"4649.27","3641.56","2015-07-30 03:01:52","28","1521","24","148929.14"
"149.64","3454.07","1983-03-06 01:00:14","29","821","6","2746.15"
"3041.28","3408.70","1970-04-18 11:44:44","30","459","46","206766.81"
"2546.12","2322.50","1986-03-11 19:49:51","31","1478","42","106680.09999999999"
"2802.51","2629.93","1988-05-10 18:03:47","32","1253","26","190398.78000000003"
"1669.05","3888.00","1994-07-15 09:10:59","33","1288","30","354056.45"
"2044.14","3206.73","1993-01-26 18:04:48","34","438","26","6142.4"
"839.25","1734.43","2002-04-05 08:10:12","35","1215","14","23909.28"
"2695.71","3237.63","2004-03-31 18:47:58","36","1745","4","53319.68"
"3758.44","1104.80","1991-01-22 07:11:25","37","1995","4","13282.650000000001"
"586.25","245.94","1971-07-25 22:29:21","38","289","32","7753.450000000001"
"4496.81","2634.86","1971-09-19 03:22:25","39","1985","12","142081.99"
"3029.10","1391.35","2006-02-09 16:51:02","40","267","20","0.0"
"2888.89","202.27","1977-03-03 05:05:57","41","1899","46","7699.25"
"1578.16","4211.00","2000-10-07 11:54:24","42","950","10","290726.02"
"2966.78","4187.07","1979-07-07 07:06:53","43","825","28","19035.239999999998"
"360.37","996.16","2010-04-18 12:50:44","44","845","26","15705.76"
"738.34","3698.81","2016-02-11 19:51:20","45","361","25","104476.68000000001"
"1611.09","2993.52","2006-07-29 09:34:54","46","1839","23","127379.64"
"3899.38","4043.64","1996-12-14 09:48:32","47","1688","0","228244.86"
"1469.80","2975.03","2008-02-11 09:54:42","48","75","10","43985.29"
"3416.96","4371.26","1998-01-20 22:32:14","49","1098","7","61690.98"
"4498.16","4488.43","2015-12-30 05:46:41","50","1832","37","18739.5"
"1671.82","1435.18","1987-12-10 12:58:23","51","87","0","51131.25"
"3727.72","3327.42","1981-06-18 22:53:02","52","554","16","242488.26"
"3701.73","4796.25","2018-09-23 20:44:32","53","1153","4","4680.280000000001"
"608.87","4904.97","1975-06-27 03:03:56","54","157","44","13681.0"
"478.41","1443.60","1983-10-25 12:16:39","55","1712","21","300025.59"
"1774.13","2717.83","2014-11-10 10:58:31","56","959","2","147264.0"
"4716.72","3833.14","2000-10-13 08:39:49","57","1553","15","337234.8"
"3123.05","3652.01","2020-12-25 13:39:30","58","517","33","244059.75999999998"
"3246.45","4047.55","2014-10-13 10:35:18","59","847","30","147756.05"
"4098.04","2916.43","2000-11-08 03:55:29","60","87","6","112861.1"
"574.51","3313.63","2010-03-16 11:19:31","61","271","16","41418.19"
"304.93","2714.11","2014-12-17 17:26:18","62","1459","6","133471.80000000002"
"3752.84","328.90","1989-09-17 23:36:11","63","1756","10","211942.0"
"292.91","231.66","2006-01-01 21:51:47","64","836","4","50566.56"
"3358.92","4184.83","2009-09-09 12:31:08","65","1979","14","61718.280000000006"
"2592.43","4462.76","1980-04-17 10:07:28","66","1022","31","398995.74000000005"
"1807.89","3479.21","1999-04-12 12:18:43","67","1040","5","158588.5"
"2646.98","951.13","1983-12-17 06:32:35","68","1765","26","153739.22999999998"
"3907.28","4936.65","2003-05-10 20:58:13","69","444","25","86450.0"
"125.20","1815.73","1971-11-27 05:53:19","70","1163","48","26222.940000000002"
"2199.82","59.58","1992-07-04 14:00:05","71","1253","40","160477.19999999998"
"398.95","341.42","2015-11-19 20:38:40","72","1517","10","101072.79"
"4100.15","3058.66","2007-06-11 17:08:39","73","1650","46","15445.93"
"4004.09","4183.32","2021-04-04 09:10:10","74","1442","2","152819.09999999998"
"1159.55","565.15","1973-03-01 07:41:46","75","1450","28","5589.92"
"511.00","2694.64","1971-10-23 16:30:56","76","1310","6","2066.67"
"2643.31","2085.55","1984-08-08 11:35:58","77","1361","41","125112.6"
"4190.39","300.88","2009-05-31 21:13:23","78","1530","39","43141.56"
"2881.55","680.67","1985-08-02 02:30:58","79","285","14","130634.99999999999"
"4041.62","4353.89","1994-09-26 03:02:20","80","1343","20","34695.15"
"3556.10","4617.89","1983-11-26 10:10:53","81","61","13","259778.48"
"1536.07","297.37","1994-04-22 17:16:38","82","1116","49","80578.53"
"1449.35","3210.42","2000-02-20 12:41:40","83","309","3","99669.57"
"4513.93","544.40","2017-01-11 21:47:42","84","132","3","143700.2"
"2235.29","4257.57","2007-03-07 13:13:56","85","450","20","96509.00000000001"
"2747.71","2888.65","2004-01-10 16:11:32","86","167","22","9240.74"
"3292.94","2022.48","2013-04-26 02:46:32","87","295","1","120908.7"
"4022.22","3697.79","2011-10-20 02:25:33","88","143","1","75380.84"
"3138.07","3475.66","2018-01-19 05:46:02","89","827","48","258482.63999999998"
"1754.72","3141.49","2006-02-08 05:41:11","90","1679","38","114735.66"
"3429.84","2227.64","1974-01-09 01:40:10","91","291","11","75099.42"
"2162.93","4253.13","1992-10-07 00:37:34","92","1333","21","93610.69"
"4058.41","4890.30","2009-06-28 01:39:50","93","1013","5","400121.1"
"2060.02","697.58","1994-03-06 21:27:13","94","1304","1","4609.84"
"3331.91","521.27","2015-03-19 18:33:42","95","1075","25","109737.6"
"3378.37","4454.24","1998-06-14 17:20:32","96","1402","29","103540.20000000001"
"3275.42","554.60","2007-03-17 02:18:31","97","1074","26","144269.66"
"2482.36","714.69","2013-12-17 13:36:33","98","726","0","2146.1"
"299.48","3670.52","1981-06-08 16:52:42","99","926","40","19929.06"
"3122.98","4536.31","2004-08-15 19:06:10","100","879","34","141666.0"
"495.22","561.56","2011-04-28 21:56:33","101","1424","0","8909.880000000001"
"2452.47","3552.81","1992-03-04 20:32:55","102","1953","2","8965.93"
"2685.40","3731.11","1973-05-20 21:17:54","103","58","43","125342.45999999999"
"4152.07","3490.76","2015-08-13 21:16:20","104","840","39","1892.8"
"4206.58","4240.79","2001-12-04 20:20:52","105","1706","30","260167.47"
"3704.60","3075.16","2012-08-03 10:45:11","106","1744","42","29268.8"
"3834.84","4987.97","1987-05-22 21:45:44","107","1313","12","23081.38"
"1002.33","4494.37","1981-03-23 18:49:58","108","1577","4","17638.02"
"4918.79","1849.01","1979-05-12 15:17:40","109","944","19","86466.56"
"3560.57","2057.72","1982-05-21 07:22:05","110","1261","42","91627.88"
"2514.32","530.96","2003-12-17 10:42:31","111","833","45","335380.0"
"4097.25","723.21","2000-03-12 22:22:42","112","242","40","18483.52"
"2583.49","813.84","1998-10-26 00:55:15","113","248","15","412171.04"
"1621.12","3047.65","2010-08-19 15:38:57","114","1462","27","1737.66"
"1752.68","1107.57","2015-11-21 07:22:01","115","654","38","35717.76"
"2084.45","118.53","2021-10-27 03:41:28","116","25","4","108079.84000000001"
"3387.95","2794.10","1990-06-20 17:35:08","117","1177","1","419225.84"
"4706.72","4155.05","1977-06-30 22:23:37","118","246","11","95081.40000000001"
"4715.43","2221.69","2007-11-22 23:29:16","119","118","17","135599.31"
"1810.54","524.40","2001-05-08 15:03:21","120","1973","37","40834.6"
"1289.27","2146.85","2003-08-26 10:01:27","121","1366","28","30329.2"
"4882.57","2382.23","1980-09-15 06:19:30","122","894","14","106794.72"
"3661.62","4553.86","2017-07-22 18:11:01","123","629","39","1094.34"
"4215.95","1018.37","1978-01-10 04:09:52","124","1152","29","145860.30000000002"
"3838.67","842.90","2001-01-12 09:51:35","125","1834","37","189408.0"
"790.30","3730.10","1982-06-06 23:59:38","126","1099","15","75771.3"
"4499.02","4143.27","1993-10-16 19:17:17","127","873","16","127982.08"
"4937.24","3117.43","1980-05-14 21:16:59","128","428","42","138183.04"
"3220.37","4816.90","2006-01-16 01:18:44","129","986","23","79592.94"
"3543.86","2480.03","1997-03-26 17:51:45","130","1920","20","277301.12"
"4730.38","792.60","1985-03-21 01:53:19","131","1349","23","348744.7"
"874.49","1478.90","1996-11-05 17:53:42","132","1489","40","17223.5"
"2933.89","3933.13","1998-05-31 10:17:14","133","1189","20","296873.63999999996"
"1652.96","2902.72","2018-03-03 01:18:16","134","188","35","214822.2"
"2533.32","4712.78","1976-04-12 22:31:15","135","928","7","268787.0"
"3850.86","2129.51","1993-03-25 14:09:32","136","418","12","260455.8"
"171.44","4220.29","2002-02-20 01:15:54","137","1475","3","32430.8"
"679.06","4691.52","1998-12-09 06:09:45","138","1178","21","2168.6000000000004"
"4963.21","2545.85","1970-07-03 19:42:32","139","1206","3","262104.78"
"3203.02","2883.92","1980-12-23 04:54:03","140","158","20","34354.5"
"468.76","2425.76","2018-12-08 12:37:17","141","269","7","168555.93"
"3606.92","856.65","1991-03-13 00:30:40","142","1577","47","51516.090000000004"
"3597.70","4400.54","1980-08-19 15:25:02","143","49","17","157813.24"
"4419.96","429.76","1995-09-28 14:54:06","144","202","36","188628.44"
"3677.19","1362.60","2009-08-31 19:44:21","145","953","9","0.0"
"2282.97","398.64","2001-01-26 23:06:20","146","1273","20","94788.90000000001"
"3703.75","2660.31","2013-11-28 01:12:01","147","1544","15","389103.88"
"1383.02","540.94","1980-04-10 11:12:20","148","1394","36","127572.48000000001"
"4595.08","644.60","1990-01-09 14:40:00","149","23","39","1319.22"
"286.59","926.12","2001-03-16 23:30:41","150","1084","39","45683.96"
"4329.93","2796.60","2013-08-24 06:20:34","151","1934","3","255886.40000000002"
"1406.35","797.21","2009-07-30 00:36:16","152","1402","20","89194.5"
"2979.09","111.35","1995-10-04 20:49:47","153","1379","33","14323.76"
"2603.96","4572.55","1970-04-26 14:47:17","154","1841","47","24987.199999999997"
"2587.71","417.75","1971-10-04 17:57:12","155","1004","19","30452.48"
"526.29","2371.53","2014-06-27 12:01:02","156","1959","46","37646.909999999996"
"1825.49","677.17","1984-04-26 11:01:12","157","789","5","252600.12"
"3991.66","3356.47","2001-09-20 04:25:41","158","1550","48","211394.04"
"4983.14","3696.43","1988-03-01 20:28:33","159","1226","8","52006.91"
"4603.74","3231.00","2001-04-02 12:32:54","160","1455","19","106284.74"
"530.19","2942.96","1997-08-23 20:21:20","161","635","9","266369.39999999997"
"1108.47","1259.12","1983-09-22 18:09:07","162","182","42","74407.76000000001"
"142.94","485.52","1981-04-03 15:20:10","163","844","30","110600.92"
"3992.24","4593.91","2013-09-09 04:03:15","164","1166","28","191526.72"
"78.02","1501.80","2014-04-18 11:06:50","165","819","9","259530.30000000002"
"1021.41","2596.93","2005-08-07 06:21:48","166","668","31","56079.14"
"1845.08","1374.89","1980-03-13 04:26:02","167","1562","24","864.0"
"2427.29","1282.38","1971-08-22 02:10:55","168","1200","31","242864.72"
"3726.91","1552.24","1981-09-25 10:02:41","169","1565","12","50431.11"
"503.25","4706.09","1979-01-17 19:07:42","170","155","0","247388.56"
"3438.98","3619.36","2010-08-05 12:53:32","171","663","49","198450.66"
"3044.75","2791.04","1994-08-28 16:56:55","172","193","33","378963.06"
"636.31","4169.30","2016-12-14 23:25:26","173","1023","14","35040.74"
"4976.39","4384.18","1979-12-14 12:30:24","174","1770","8","96813.36"
"3545.94","2470.33","1992-12-31 16:57:46","175","1396","4","30984.8"
"15.29","2622.61","1978-11-01 17:32:00","176","369","25","307511.1"
"1283.52","1439.99","2021-10-16 08:12:33","177","808","29","91451.86"
"1378.51","4545.03","1993-06-12 15:23:55","178","658","0","116089.73999999999"
"3317.46","3849.31","1980-09-09 11:47:07","179","594","47","127402.88"
"2228.19","1949.04","1999-06-14 22:45:08","180","1145","16","135925.62"
"3180.84","1071.74","1990-04-28 00:56:56","181","1441","28","67511.52"
"800.09","3706.38","1999-12-29 00:42:03","182","1328","9","65303.2"
"313.65","3682.73","1995-07-29 23:35:32","183","1188","31","9252.3"
"4377.38","4745.81","1995-11-21 06:23:06","184","1867","36","47674.799999999996"
"1359.32","2149.73","2015-01-29 05:25:09","185","1771","39","316480.45"
"3935.53","3363.38","1998-10-30 10:42:19","186","292","27","24214.1"
"4332.83","2913.09","1996-06-03 06:18:33","187","300","9","47160.54"
"2402.86","3380.14","1993-12-17 02:30:46","188","1806","4","74808.0"
"2371.07","3775.18","2000-08-23 07:59:02","189","1109","0","74394.36000000002"
"4473.29","1019.50","2004-11-28 05:58:14","190","122","38","32041.92"
"1111.04","525.40","1977-11-30 01:47:02","191","1485","11","269629.62"
"4272.98","4371.01","1986-01-08 21:58:16","192","803","32","199537.25"
"3747.96","2845.04","2015-07-08 19:42:01","193","80","10","7450.08"
"2772.51","2202.35","1991-12-08 00:26:12","194","1956","36","429104.72"
"1754.87","3581.67","1990-11-15 13:15:19","195","252","44","8471.98"
"229.31","1022.92","1992-01-04 11:11:03","196","1497","1","300960.0"
"485.03","786.41","1977-10-10 18:28:19","197","1222","12","101817.8"
"2037.16","810.40","2005-05-20 00:20:47","198","69","48","198279.68"
"2830.67","2182.68","2006-06-15 11:13:15","199","1964","14","42238.9"
"1053.04","425.01","2008-04-21 05:41:27","200","307","1","3907.54"
"986.33","1744.77","1982-05-17 16:57:58","201","179","21","107780.86"
"3136.82","3669.32","2015-06-14 09:49:30","202","22","24","125840.04"
"12.99","156.28","2014-07-08 02:31:40","203","1362","3","56792.78"
"72.23","1589.52","2009-10-10 20:55:19","204","506","18","9993.32"
"794.83","562.41","1984-08-15 01:07:32","205","1752","28","316048.68"
"4257.78","2777.94","1988-03-29 11:15:15","206","1129","17","26282.52"
"1369.00","848.75","1978-01-04 06:34:04","207","599","17","191017.94999999998"
"2827.31","1465.76","1981-02-13 12:47:56","208","872","20","27106.3"
"1732.78","3137.13","1989-04-22 04:46:34","209","386","3","115606.47"
"4077.88","2886.35","1977-10-04 10:56:50","210","313","22","215195.31"
"2970.61","4547.75","1990-06-01 13:22:52","211","468","17","74880.07"
"1172.14","1774.99","1972-08-10 02:59:39","212","743","16","12021.900000000001"
"4739.61","3654.13","2001-04-14 18:46:59","213","1630","15","27118.609999999997"
"1280.22","1827.26","2013-08-29 04:25:17","214","435","1","137448.85"
"4076.81","417.58","2013-12-26 14:05:35","215","842","9","40159.53"
"329.24","1037.25","2020-10-22 13:04:48","216","316","40","82822.6"
"1427.10","4676.66","2011-05-14 18:51:42","217","1764","23","240275.40000000002"
"456.81","396.75","2021-05-05 00:46:08","218","835","5","363458.7"
"448.80","978.73","1997-10-13 02:18:34","219","1147","45","57034.64"
"2671.45","2789.07","2003-07-29 16:42:08","220","1316","12","233722.34"
"76.12","2430.17","2012-04-13 22:42:41","221","1086","19","107011.03"
"312.92","3747.78","1984-12-26 06:21:31","222","1472","16","336137.43"
"3476.26","2643.80","1983-08-01 19:33:45","223","564","11","14543.76"
"1268.14","4892.06","2012-02-21 09:35:26","224","1499","17","150540.78"
"2806.21","4982.62","1979-07-23 08:35:57","225","158","23","71468.8"
"918.81","1299.49","2008-06-23 02:10:38","226","594","41","87593.52"
"2650.11","3020.71","1978-11-24 23:24:41","227","1853","19","35316.2"
"663.06","2788.97","1989-09-03 21:46:46","228","794","35","22084.3"
"3259.60","2664.83","1996-04-06 16:24:04","229","1004","46","62711.67"
"2208.16","3284.93","2020-03-05 05:25:12","230","1459","35","175859.9"
"1052.30","2558.47","1986-12-12 10:33:15","231","230","9","304583.56"
"3054.01","2483.54","1999-12-07 02:14:21","232","1468","13","166704.3"
"951.90","600.90","2015-05-28 22:18:33","233","1526","17","77482.78"
"3852.89","3700.76","1978-08-15 17:01:16","234","999","2","2464.88"
"750.50","1724.71","1970-01-02 13:43:46","235","695","44","118252.52"
"4857.37","2949.72","2012-07-27 13:44:39","236","1486","23","186294.91999999998"
"4859.15","667.13","1987-01-24 17:22:12","237","1325","23","11896.0"
"1446.93","4996.32","2021-04-30 20:07:45","238","800","32","12566.400000000001"
"3764.53","3218.25","2015-05-26 12:22:04","239","714","11","15145.900000000001"
"3460.88","311.25","2003-08-04 06:07:15","240","687","19","40285.05"
"3548.68","3262.08","1984-05-12 09:34:06","241","1895","27","66794.52"
"1425.98","4347.79","2019-09-12 11:35:38","242","1260","35","84451.24"
"2848.48","2900.43","1977-10-23 08:29:18","243","1557","1","11225.2"
"3583.27","2019.75","2013-01-28 22:06:18","244","440","34","58564.32"
"2390.38","2720.79","2007-10-09 10:00:25","245","1834","3","126485.20000000001"
"3785.19","2209.14","2004-07-06 13:37:57","246","1422","1","51846.6"
"4510.23","3723.59","2018-02-13 21:12:18","247","1329","10","4644.8"
"4760.74","3214.40","1973-08-24 05:27:47","248","1559","20","305916.1"
"4135.00","4073.93","1976-04-20 12:53:47","249","228","35","160501.55"
"672.00","1372.28","1999-08-23 17:08:43","250","908","9","101544.37000000001"
"2597.28","4444.65","2021-07-23 06:50:42","251","732","46","74459.7"
"457.89","2813.69","1987-09-20 07:21:15","252","989","18","21946.7"
"1532.48","4340.66","2008-06-16 23:58:16","253","794","41","27340.2"
"4290.93","2754.67","2014-02-01 21:04:33","254","1898","39","156511.83"
"3812.69","4100.51","2005-01-19 09:34:49","255","1440","45","5576.92"
"1583.74","2019.72","1996-04-10 01:31:48","256","948","6","213104.56"
"4912.02","4217.22","1990-05-27 02:46:55","257","262","34","228069.88999999998"
"4468.44","4093.78","2019-04-02 05:35:55","258","1501","36","253656.23"
"3713.76","2630.11","2003-09-27 16:49:02","259","394","42","27146.809999999998"
"3570.53","4555.53","2021-03-15 05:10:09","260","1906","49","72447.1"
"3986.91","2074.43","2007-06-03 23:39:27","261","1144","5","196995.24"
"4508.74","2994.42","2003-02-08 01:25:15","262","1452","14","127986.83"
"4212.85","4527.89","2011-01-21 14:05:44","263","1477","15","110961.6"
"2662.55","4256.62","1977-07-24 22:04:47","264","1585","21","84662.54999999999"
"610.22","3181.35","2009-03-03 20:10:15","265","70","49","27694.08"
"988.81","109.69","1974-10-03 18:52:10","266","1880","9","211394.50000000003"
"3440.50","3044.91","2007-06-24 08:27:03","267","100","1","371339.7"
"4940.63","3148.63","1996-01-10 21:07:00","268","338","30","17814.3"
"4506.02","2695.39","1989-08-09 13:56:37","269","1476","7","55033.200000000004"
"3782.05","3622.51","2001-04-11 12:20:24","270","979","27","147647.02"
"303.58","3709.20","1987-03-29 02:06:03","271","1250","2","54046.44"
"4321.61","1905.88","1987-08-09 12:09:56","272","85","31","110297.95"
"4512.93","1412.98","2001-12-09 17:31:56","273","1882","2","54934.880000000005"
"3423.05","793.07","2013-03-11 15:23:14","274","328","3","252285.30000000002"
"2969.95","2664.47","1992-06-08 19:13:45","275","1091","23","9040.57"
"1156.27","2123.60","1974-03-30 15:55:23","276","302","14","132152.72"
"3090.95","1684.20","1986-04-24 23:51:08","277","1637","18","266929.39"
"2846.19","2492.94","2017-02-18 12:44:01","278","675","45","105209.44"
"4580.63","3542.12","1998-01-22 00:25:12","279","553","49","9075.2"
"4718.67","2686.43","2004-01-04 21:39:06","280","1253","27","107312.88"
"1463.60","2637.18","1997-05-20 21:29:50","281","1620","21","158387.12999999998"
"4751.41","4322.60","2007-10-04 02:53:45","282","1228","11","158005.4"
"1145.03","4129.36","1985-11-02 22:03:25","283","1867","29","162021.22"
"2422.93","1664.08","2020-02-28 23:48:13","284","838","0","148840.50999999998"
"2753.36","3817.46","2021-11-12 19:11:44","285","1339","46","84392.3"
"3431.29","1699.83","1990-08-04 21:58:39","286","799","18","207800.63999999998"
"1639.52","4255.44","1982-11-30 12:41:22","287","149","28","30279.420000000002"
"1741.26","3300.47","2000-09-08 15:16:26","288","896","7","15805.26"
"4052.79","4746.02","2006-01-09 09:05:09","289","605","36","115734.31999999999"
"808.80","2633.70","2013-01-02 03:59:18","290","309","25","176424.5"
"2722.86","1687.23","1986-12-26 01:18:39","291","936","22","385993.92"
"4540.50","3343.10","1991-02-24 11:34:03","292","443","45","195533.91999999998"
"2792.09","530.28","2015-11-13 05:41:08","293","948","7","130220.0"
"1788.02","4794.99","2000-04-26 06:02:49","294","626","29","33498.64"
"3217.18","3201.09","2005-04-07 19:01:29","295","1462","44","1526.4"
"991.25","4511.24","1978-02-03 14:40:26","296","1830","10","25607.480000000003"
"3714.29","4614.64","1978-12-23 16:43:32","297","1300","20","41384.46"
"3403.62","1939.68","2010-01-28 06:51:22","298","406","2","6327.599999999999"
"2690.36","2965.05","2016-02-08 08:07:41","299","40","24","171276.90000000002"
"1297.43","1788.42","1988-01-25 04:18:26","300","454","34","53674.94"
"733.62","2498.95","2004-08-04 13:01:59","301","1943","35","376879.92"
"4733.04","1080.02","1972-12-11 08:00:35","302","227","22","11234.25"
"3470.35","1520.77","1986-01-21 05:40:52","303","1511","35","5914.610000000001"
"2930.76","759.43","2006-03-03 15:37:23","304","1661","33","40100.549999999996"
"2326.98","4344.11","1997-06-08 06:55:15","305","527","14","204823.04"
"69.68","3748.78","1974-02-19 02:31:53","306","599","18","310888.32"
"1383.14","3668.83","1998-11-10 13:41:11","307","498","48","131319.84"
"3264.97","3840.04","1982-08-19 20:29:23","308","794","8","166439.96000000002"
"2157.92","3439.65","1991-07-01 17:03:26","309","254","11","84282.12"
"870.15","4453.21","2014-01-28 03:05:56","310","1842","46","3519.72"
"289.22","4263.92","1972-01-28 23:49:41","311","1821","45","29029.83"
"92.72","2171.30","1987-08-22 16:07:23","312","1056","40","109648.08"
"2305.11","3223.29","1994-11-19 02:14:24","313","1331","43","34989.9"
"408.92","4864.10","1996-01-01 19:13:07","314","1760","22","290742.0"
"3948.79","254.84","2012-11-20 14:32:53","315","1903","29","241039.0"
"4062.30","928.20","2014-10-29 01:08:23","316","931","44","110932.92"
"3070.25","4794.13","2008-01-06 09:03:11","317","1181","19","33705.49"
"3501.04","2076.72","1973-09-10 22:34:30","318","1313","34","212639.69"
"779.54","3514.11","1991-09-07 13:11:49","319","262","11","99047.04"
"4627.11","3480.54","2011-05-05 18:49:04","320","58","33","89899.44"
"3697.36","4678.85","1971-03-18 16:25:41","321","333","47","259228.2"
"67.62","1969.84","2014-02-12 16:43:40","322","718","1","57478.87"
"639.26","420.09","1986-09-12 19:38:25","323","800","47","202607.86000000002"
"1717.33","2971.33","2006-08-12 10:45:46","324","1298","6","15724.38"
"1393.44","4004.58","1985-11-27 23:08:02","325","448","22","95116.06000000001"
"4520.89","860.12","1996-07-06 03:55:18","326","28","26","24072.32"
"2379.56","2727.00","2020-12-13 21:56:50","327","1246","17","313535.0"
"1797.53","565.45","1983-12-26 16:42:43","328","895","12","63654.4"
"3989.38","4283.88","1994-12-08 22:01:18","329","943","13","36567.96"
"2129.55","3090.76","1971-01-27 22:34:33","330","1840","42","44725.78"
"614.90","1788.38","2014-05-22 02:30:07","331","924","42","208915.5"
"4750.58","1310.21","1986-06-24 13:59:19","332","1531","32","7504.919999999999"
"2807.81","1392.36","1979-04-24 17:24:57","333","839","3","16505.64"
"661.82","4653.01","2013-03-15 11:34:10","334","1532","32","326213.3"
"4195.22","4888.70","1971-06-30 13:07:20","335","217","44","63782.03999999999"
"3128.74","860.87","2003-08-26 16:03:23","336","1540","26","145103.91999999998"
"4095.90","2729.50","2021-05-12 22:02:14","337","414","11","148953.84999999998"
"1801.52","1570.83","1992-01-04 02:04:38","338","362","10","15169.88"
"1257.11","4920.43","1991-02-09 16:57:27","339","1494","39","379597.68"
"3270.18","4955.95","2007-09-28 10:52:14","340","307","38","149399.4"
"3845.37","1668.48","2006-01-03 13:23:29","341","1623","33","143732.15"
"201.53","1927.53","1988-09-09 14:40:11","342","30","33","51909.450000000004"
"4190.46","3590.10","1977-08-20 07:52:54","343","437","27","3621.33"
"1338.67","161.24","2016-01-08 00:18:53","344","810","13","1252.4"
"669.23","4720.84","1975-07-17 11:02:29","345","1568","45","353079.93"
"4589.62","3505.47","2006-03-20 13:51:12","346","1153","18","335559.51"
"576.53","3148.93","2019-08-21 18:57:27","347","921","22","234529.68000000002"
"3879.67","349.52","2019-06-21 01:56:51","348","847","42","4003.4399999999996"
"1872.00","2526.82","1988-07-20 04:18:35","349","370","26","107921.16"
"1695.52","2648.86","1970-06-29 16:57:20","350","1596","5","53952.42"
"870.59","2374.63","2005-05-08 09:53:22","351","103","15","378062.0"
"1844.47","2333.56","1993-03-04 16:46:27","352","1124","17","361821.75"
"3407.77","817.11","1983-02-04 23:26:20","353","731","18","67176.78"
"1673.29","757.50","1996-07-01 23:19:43","354","1560","26","126937.20000000001"
"2158.52","1451.61","1985-02-14 23:23:41","355","128","2","216013.90000000002"
"3731.95","4391.58","2021-02-03 16:04:56","356","1343","20","199564.19999999998"
"2919.20","2474.10","1975-10-22 15:14:48","357","1187","10","9675.84"
"3108.34","4639.40","1976-09-29 19:21:38","358","793","49","375160.0"
"240.10","3157.79","2018-03-17 02:43:35","359","579","47","51432.840000000004"
"138.51","4329.06","1973-03-30 06:35:31","360","558","44","186485.84"
"1810.99","3235.27","2015-11-12 19:27:45","361","465","40","156120.8"
"2518.46","3667.05","2009-07-31 04:25:42","362","140","24","236098.80000000002"
"1879.48","1862.53","2017-11-15 00:55:48","363","1665","10","406494.45"
"2955.49","908.88","1978-12-24 04:38:15","364","38","10","44179.520000000004"
"1338.73","530.14","2005-09-30 13:42:54","365","369","17","153421.42"
"4583.70","1478.76","1978-08-09 01:28:05","366","10","25","96934.20000000001"
"497.19","691.19","1987-12-16 10:15:17","367","48","23","9931.08"
"2312.16","710.08","2001-01-29 07:34:21","368","528","13","74461.86"
"3453.82","2534.73","1999-11-04 03:04:13","369","785","8","276680.91"
"3777.64","4967.68","1994-03-02 01:37:23","370","1153","4","42305.75"
"1405.38","1962.56","1976-04-11 13:42:31","371","1006","29","222850.32"
"2301.08","1375.41","2001-02-21 21:07:20","372","1475","18","360995.25"
"1127.81","695.54","2021-02-27 09:20:30","373","0","36","66340.8"
"341.64","3186.13","2016-08-06 23:43:37","374","1508","16","352466.4"
"1483.37","2753.53","2016-03-20 09:47:52","375","1354","45","210344.25"
"4282.84","274.87","1984-10-21 13:20:00","376","1780","25","13542.27"
"1138.71","3663.79","1985-10-22 19:37:11","377","1353","36","55474.5"
"433.58","3367.27","1977-04-02 19:14:16","378","839","8","49437.0"
"13.36","3531.48","2002-05-03 16:55:19","379","396","46","40279.68"
"4191.31","3934.20","1980-10-02 18:19:45","380","1401","12","26653.0"
"1836.79","2743.50","2004-12-19 09:40:23","381","1809","45","140566.56"
"1275.79","374.51","1996-12-04 09:36:38","382","1377","3","1300.24"
"1668.45","1445.20","1983-12-09 10:16:13","383","603","29","239146.15999999997"
"1927.21","4599.51","1977-10-28 06:36:14","384","588","11","172559.16"
"3181.49","2935.38","1988-03-07 19:54:22","385","660","6","477643.32"
"4267.86","1762.15","1988-12-08 00:40:56","386","1211","0","37297.92"
"583.29","1177.05","1987-10-26 14:30:25","387","1011","15","14426.5"
"2122.84","2155.38","2010-06-03 12:36:25","388","925","39","260179.35"
"534.12","3100.26","2003-07-02 08:05:14","389","388","3","232690.08"
"4506.44","4321.49","1980-06-07 23:42:00","390","779","23","37197.28"
"1676.98","987.26","1999-04-26 21:11:21","391","750","14","89797.72"
"1989.67","3117.49","2019-09-03 07:11:02","392","210","48","165439.92"
"3230.21","4035.95","2021-05-11 14:56:16","393","1424","15","107650.93000000001"
"2205.18","4803.36","2018-01-19 08:33:56","394","1609","45","272267.10000000003"
"2199.62","1945.73","1983-12-11 12:02:55","395","557","6","426677.77999999997"
"4953.84","1108.78","1983-06-10 09:43:58","396","321","10","100254.33"
"404.57","169.24","1992-08-22 05:38:32","397","803","27","211777.8"
"2188.83","1449.62","1999-09-25 14:19:27","398","246","29","350563.51999999996"
"2755.90","3478.82","1998-06-25 18:59:05","399","176","48","4129.4"
"3720.62","2794.28","2015-08-03 17:20:01","400","860","22","13907.18"
"3704.56","3816.56","2008-11-27 02:30:56","401","1623","7","243928.8"
"3220.33","4979.63","1975-10-09 13:47:11","402","876","39","59212.299999999996"
"604.20","4805.47","2020-03-20 00:52:48","403","955","1","197639.05"
"1913.48","1913.91","1974-05-01 13:54:24","404","1234","46","71430.18"
"4058.57","3016.77","2002-12-28 16:16:40","405","5","12","34066.59"
"253.19","4092.68","1985-09-26 02:19:00","406","898","45","52671.399999999994"
"1587.06","3040.69","2003-05-12 12:53:23","407","952","21","52846.200000000004"
"1599.77","4422.83","1973-08-15 06:29:19","408","364","42","113041.52999999998"
"4411.42","878.87","1985-01-25 18:45:16","409","1949","24","4524.08"
"3222.90","2517.48","2018-07-20 20:08:55","410","442","33","233437.72"
"2601.49","348.86","2019-12-07 22:25:23","411","870","28","9677.12"
"4879.07","4718.33","2005-10-09 13:46:19","412","1776","28","254318.72"
"2609.26","708.52","2008-12-19 00:49:40","413","1697","28","35252.8"
"800.66","4782.99","2019-08-27 10:28:40","414","934","1","68004.0"
"1159.43","3587.77","2012-07-18 04:07:33","415","410","8","205090.59999999998"
"397.00","3095.80","1989-10-24 06:08:53","416","1533","33","33075.77"
"4920.59","63.99","1990-12-13 21:44:49","417","1421","15","26421.59"
"3087.24","2209.38","1978-06-17 07:24:36","418","1019","28","82639.2"
"3867.15","406.07","1984-06-23 11:19:06","419","1757","29","15528.0"
"2480.55","735.48","1996-07-26 03:49:50","420","1540","3","102812.58"
"2903.83","3233.62","2014-08-05 10:12:19","421","1429","23","236706.08"
"2914.28","2927.69","2005-04-04 15:40:38","422","182","37","222599.65000000002"
"4151.78","4977.63","2000-08-02 17:11:19","423","1755","30","252644.48"
"1278.42","4660.54","1997-04-04 15:08:11","424","104","5","11358.81"
"1774.43","4050.31","1971-05-17 12:44:07","425","705","10","402707.48000000004"
"3462.47","4085.26","1983-11-20 14:49:19","426","656","22","120732.66"
"4573.35","4640.29","1988-12-11 05:04:13","427","1270","43","27382.19"
"2931.86","3909.27","1991-08-20 00:14:27","428","551","49","156357.08"
"1639.71","3869.57","1976-06-01 17:27:33","429","1201","44","25561.82"
"2489.76","4476.95","1975-09-22 09:02:07","430","1897","16","339727.24"
"4607.26","3400.66","1988-04-09 08:41:48","431","1563","5","12062.12"
"285.45","4500.10","2003-12-05 20:37:46","432","1792","40","34667.5"
"1968.42","2138.22","1988-11-16 01:27:44","433","1966","23","144421.86000000002"
"4547.82","3705.57","1974-10-18 03:20:42","434","208","26","24850.08"
"1084.55","885.63","2016-01-29 03:16:09","435","605","40","37545.0"
"502.28","2143.28","1970-06-17 08:14:10","436","747","21","77117.16"
"2766.98","3641.22","1994-06-12 12:41:08","437","713","34","545.5799999999999"
"1616.69","2516.32","2015-04-02 01:11:26","438","1250","25","37908.5"
"1351.97","1209.99","1981-01-03 12:10:51","439","1252","1","159250.02"
"3624.05","1720.69","2008-03-07 10:43:00","440","1564","7","402104.77999999997"
"1502.74","3220.48","2013-01-06 15:34:00","441","701","13","43619.04"
"1348.33","1636.04","1984-04-18 16:08:36","442","1919","6","73904.0"
"688.17","3558.30","1988-09-08 08:04:08","443","700","31","90889.79999999999"
"1599.93","3063.00","2011-04-27 16:47:57","444","394","18","100624.53"
"2790.47","3220.61","1990-08-02 13:35:40","445","114","14","62871.119999999995"
"4474.92","4127.66","1986-05-19 09:32:45","446","961","48","10437.0"
"4671.25","3249.21","2008-07-27 13:54:06","447","187","4","104914.03"
"1981.80","3585.78","2012-08-07 10:51:23","448","171","10","78011.29999999999"
"734.49","734.76","1977-05-07 17:21:07","449","1924","35","177655.68"
"131.17","2754.98","1978-03-21 02:28:31","450","176","16","11653.68"
"1255.33","3686.30","1974-08-13 13:29:11","451","1382","47","97828.03"
"1589.71","3680.02","2002-10-02 18:46:37","452","1534","41","257699.34"
"1620.10","4187.00","2011-07-29 16:03:12","453","51","31","267783.29000000004"
"2991.18","4914.11","1977-08-26 23:52:44","454","290","32","2033.24"
"2118.39","3866.14","2021-02-10 01:32:50","455","501","12","5379.360000000001"
"2703.02","727.09","1987-03-20 14:57:02","456","1681","46","240418.56"
"350.76","188.92","1972-09-18 04:01:23","457","513","2","11844.16"
"378.82","4595.44","1985-08-15 11:56:36","458","1719","26","91899.57999999999"
"331.23","3135.56","2011-11-17 00:24:19","459","1193","31","27934.649999999998"
"524.57","118.00","1995-06-06 12:23:30","460","189","13","74152.79999999999"
"4081.00","2221.01","2009-10-05 18:21:58","461","1322","10","136358.4"
"3345.19","1557.11","1980-07-05 19:02:02","462","385","32","8912.28"
"2701.00","972.36","1997-09-22 11:55:46","463","873","14","235054.37999999998"
"3626.67","2183.15","2010-05-16 19:41:51","464","442","29","238907.8"
"4954.74","2547.96","1978-10-06 06:12:02","465","1409","46","2912.9500000000003"
"2366.17","3692.91","1988-08-19 00:52:16","466","1296","8","18610.2"
"3693.56","1693.36","1985-12-12 15:45:29","467","1283","46","15389.76"
"829.19","1650.19","1980-01-15 08:15:13","468","301","42","24823.5"
"279.84","3032.64","1994-07-15 01:40:56","469","1760","7","431254.56"
"1611.57","4959.30","1998-04-07 09:01:56","470","934","20","0.0"
"2762.84","3616.53","1986-05-18 12:46:10","471","1501","36","128936.5"
"654.92","2223.23","1984-11-04 18:33:17","472","243","41","147719.8"
"2910.41","1935.67","2018-12-11 00:03:08","473","282","18","28183.869999999995"
"4966.76","3366.09","1993-07-03 19:58:42","474","1214","1","126955.62"
"1252.80","1351.51","2011-05-19 12:06:48","475","1850","41","128784.69"
"1511.60","3637.69","2013-10-25 22:01:39","476","664","12","26395.95"
"3965.77","2279.22","1985-03-19 12:04:38","477","1046","15","44734.2"
"4871.81","2842.09","1972-08-20 09:40:55","478","1101","34","214346.25"
"85.69","2561.98","1978-03-25 12:31:25","479","1325","18","48511.46"
"1169.24","4978.19","1985-03-23 21:48:25","480","1067","34","108609.93"
"3818.09","215.74","2019-04-07 19:01:37","481","1585","21","130889.92"
"931.81","2384.90","1971-03-25 05:20:36","482","165","29","406417.36"
"3952.98","2836.37","1974-04-27 05:34:31","483","977","4","55393.42999999999"
"3545.29","2020.55","2010-10-02 09:36:36","484","1398","10","98882.0"
"4972.11","353.31","1987-09-27 04:54:48","485","1947","43","153110.08"
"2307.69","4426.27","1976-09-17 17:34:25","486","1118","23","65153.78999999999"
"4467.09","4694.64","2003-02-11 16:13:25","487","760","5","55895.56"
"3721.92","491.39","2010-07-24 13:29:14","488","374","3","31715.84"
"2745.28","162.44","1981-10-27 15:05:03","489","1086","4","5831.34"
"135.75","2147.22","2018-09-15 13:02:18","490","20","23","179582.01"
"1748.23","2568.98","1976-11-16 19:47:01","491","428","11","11310.939999999999"
"1372.26","4142.43","2010-08-05 17:37:04","492","725","41","30467.78"
"2818.29","4891.95","1991-02-28 01:13:45","493","1162","22","215187.56"
"4532.92","2727.21","1986-09-16 19:22:43","494","561","39","101939.22"
"4368.32","4103.90","1970-05-23 18:50:51","495","731","3","14255.880000000001"
"4605.53","4041.22","2011-08-16 00:39:43","496","20","33","12749.630000000001"
"3343.64","722.96","1985-12-17 07:37:21","497","1692","29","105805.26"
"2833.90","2671.75","2018-07-09 18:32:43","498","1022","0","383699.16000000003"
"3090.24","4364.72","2000-12-31 17:53:49","499","1269","48","170339.19999999998"
"3100.96","3788.75","1987-01-31 21:19:32","500","339","48","274079.04"
"4394.41","4283.48","2013-04-26 09:40:12","501","1121","29","1094.72"
"203.99","203.89","1974-11-23 20:01:09","502","1297","14","204.75"
"722.92","3766.30","2020-10-17 13:19:53","503","513","41","24526.62"
"3769.56","3278.36","1999-04-24 20:53:03","504","547","30","248964.21"
"1684.39","2546.18","1974-03-17 00:57:08","505","823","5","219709.7"
"189.70","1820.99","2004-09-15 11:56:13","506","472","32","171618.72"
"2081.64","1026.22","1970-01-09 19:17:42","507","855","14","11319.0"
"4623.88","4088.51","2005-06-08 23:18:16","508","251","25","4526.9"
"1331.28","4677.63","1986-10-17 20:05:19","509","421","17","25155.4"
"4642.34","114.41","1978-11-09 00:37:15","510","1984","44","45710.84"
"3154.39","988.03","2016-08-09 11:18:25","511","8","49","65309.4"
"3759.03","817.84","1992-12-23 12:14:22","512","726","11","175447.35"
"4979.79","3116.19","1979-08-11 19:08:02","513","123","14","3427.7999999999997"
"3918.20","323.06","1976-11-21 23:18:54","514","992","27","119832.40000000001"
"1364.46","4182.69","2020-06-14 08:48:49","515","282","33","197836.4"
"3173.73","3747.96","2001-01-07 00:36:54","516","692","2","75306.31"
"4332.21","1063.30","2015-09-10 14:54:17","517","740","32","71086.62"
"1838.93","2764.05","2013-09-26 05:24:21","518","698","36","68456.08"
"1339.82","383.18","1984-11-10 23:55:09","519","1643","8","170377.68"
"749.04","1208.13","2014-04-03 13:28:39","520","1130","3","271856.73"
"2254.36","1953.89","1999-06-19 12:30:25","521","1464","8","301695.83999999997"
"4342.72","2661.74","1989-04-20 08:37:02","522","226","13","258715.65000000002"
"4214.98","1288.82","1994-05-13 12:20:07","523","166","47","290447.10000000003"
"146.77","4427.59","1975-09-03 08:26:22","524","1449","47","99154.5"
"3336.32","3683.93","1993-09-14 00:37:24","525","438","15","35724.0"
"2281.16","4530.23","2001-03-11 05:36:25","526","1314","9","240173.5"
"398.84","2671.60","1982-01-30 21:38:35","527","220","2","1250.9"
"4099.32","1413.89","1996-03-03 11:58:55","528","1964","42","140860.72"
"2734.48","1343.75","2012-06-16 02:27:28","529","517","31","427925.0"
"4633.42","1190.39","2008-01-12 20:53:06","530","1378","31","60346.969999999994"
"1528.77","4198.58","2008-04-13 12:42:35","531","974","49","398634.94"
"4557.41","3804.18","2012-01-25 17:02:46","532","1970","23","7642.12"
"4626.75","1685.31","1983-03-24 09:40:20","533","1973","16","146755.86"
"3546.24","3099.81","1995-07-17 06:11:56","534","1855","42","100595.46"
"2337.31","158.05","1974-07-07 15:44:33","535","80","36","151319.03999999998"
"2822.28","980.41","1978-07-28 12:12:16","536","810","12","70997.29999999999"
"188.25","2617.93","2020-07-20 14:20:48","537","672","3","210094.5"
"3097.49","3372.31","1981-01-03 18:21:30","538","329","21","57185.28"
"2121.11","4057.61","1989-10-12 12:35:44","539","759","30","427411.32"
"429.15","856.53","1970-11-15 05:04:15","540","358","0","9420.640000000001"
"2498.05","3100.63","2013-05-17 07:31:11","541","1399","3","219049.37999999998"
"1931.14","1001.08","1994-11-03 11:37:26","542","474","26","5156.64"
"412.49","4662.25","1979-10-22 10:24:35","543","1994","48","76807.19"
"3788.37","1851.07","1996-07-28 13:20:28","544","207","37","45750.479999999996"
"3739.89","2796.95","2011-06-07 10:04:33","545","712","10","293447.69999999995"
"2844.25","3260.41","2011-11-23 13:34:28","546","1092","18","146872.05"
"2061.20","2751.31","2016-09-10 14:30:49","547","201","29","222182.99999999997"
"167.28","50.34","1985-03-07 03:51:59","548","1703","25","245773.5"
"175.63","1010.32","2018-09-05 11:56:04","549","724","15","141841.84"
"2775.80","2611.66","2004-05-10 15:20:45","550","1779","30","204817.99999999997"
"245.94","3180.28","2000-12-03 14:30:33","551","1462","44","20555.52"
"4781.64","636.92","1976-09-22 03:33:52","552","218","44","242041.8"
"345.87","2318.62","1997-12-30 20:11:26","553","1290","7","36041.670000000006"
"2004.25","3769.62","1990-10-03 00:18:46","554","1894","13","15274.279999999999"
"2333.02","641.83","2006-07-05 06:19:23","555","636","39","20378.9"
"4237.84","1250.59","1981-02-14 04:57:53","556","370","36","94349.4"
"710.90","100.46","1977-08-12 02:35:08","557","392","11","90173.2"
"474.58","700.20","1981-12-14 10:53:01","558","1036","14","183195.40000000002"
"2678.12","2100.02","1970-03-18 13:32:47","559","360","27","71355.12"
"885.67","4588.43","1978-07-17 21:51:56","560","868","48","25098.149999999998"
"1550.38","3012.78","2014-07-03 03:18:11","561","1865","8","254757.8"
"2815.67","2383.64","2011-11-16 09:09:10","562","529","30","93274.28"
"84.02","1015.62","1984-03-14 16:26:48","563","1022","21","106845.59999999999"
"4921.39","4294.45","1990-01-03 02:46:34","564","739","47","8349.85"
"3505.47","4223.59","2020-03-25 18:10:23","565","224","5","199089.44"
"1196.67","2340.63","1986-04-11 06:24:51","566","1809","20","63244.65"
"100.32","2688.00","1982-04-21 19:47:51","567","1645","38","121866.0"
"4391.68","3298.03","2009-07-24 15:11:26","568","590","28","247898.05"
"1273.10","4116.43","1984-12-29 04:02:50","569","1778","20","297683.6"
"2345.32","3677.56","1986-02-04 19:39:44","570","226","24","4392.360000000001"
"1078.48","3205.75","2005-05-07 13:09:56","571","503","40","137680.65"
"4409.35","2314.18","2018-07-15 16:28:53","572","937","36","135658.5"
"3572.10","4874.40","2013-04-01 05:11:10","573","1438","32","162412.8"
"3845.69","1761.92","1981-12-09 10:58:29","574","1414","33","55269.98"
"1933.54","4215.34","1991-06-28 01:19:19","575","1647","14","116897.1"
"4223.99","3382.45","1970-10-25 04:44:29","576","1158","33","56096.6"
"1665.70","1571.19","2008-01-20 19:15:27","577","536","7","214341.53999999998"
"2360.27","2170.72","1981-02-28 12:56:40","578","651","13","49084.75"
"4747.54","2589.84","2019-03-27 09:24:22","579","705","42","153486.09"
"2949.67","1685.36","2004-10-02 04:20:12","580","1276","29","19901.76"
"3914.68","1822.13","1979-10-24 02:50:43","581","1658","27","134527.68000000002"
"2322.45","4827.71","1995-12-01 10:09:38","582","1573","23","243165.99"
"2512.29","4206.98","1981-04-12 12:03:52","583","761","32","280196.15"
"1613.75","4895.02","1992-03-31 22:59:47","584","495","26","14153.2"
"1050.75","1623.43","2007-05-13 01:33:52","585","1945","17","147709.66"
"1435.85","1614.90","1989-03-06 06:50:35","586","1044","17","26131.6"
"3710.80","4971.29","1981-05-23 01:41:48","587","1518","41","10791.0"
"1392.84","3559.73","1971-09-13 20:20:05","588","1389","49","22907.17"
"3853.89","1717.89","1975-01-31 07:37:24","589","412","22","397749.6"
"3964.64","4631.04","2021-04-04 06:40:27","590","1062","22","9725.85"
"2715.22","4095.52","1973-05-18 11:17:37","591","1501","18","34280.82"
"1622.37","458.31","1982-09-30 23:13:48","592","590","14","46809.98"
"3101.63","1632.65","1981-01-03 21:57:36","593","112","38","135900.96"
"2904.34","3539.57","1975-01-04 18:46:31","594","1610","2","11511.960000000001"
"2163.07","4339.13","1970-12-24 11:03:34","595","1552","34","14985.75"
"2555.65","2801.17","1977-07-07 14:04:02","596","1082","18","108783.81000000001"
"4414.33","2680.04","1981-03-27 12:29:23","597","1989","31","42770.39"
"3554.14","1258.52","2020-08-05 06:39:46","598","1821","2","44495.36"
"2826.81","4797.74","1993-04-03 14:58:01","599","1878","28","180218.72"
"4404.05","95.56","2014-11-23 01:15:47","600","1484","39","26160.36"
"4631.45","2024.49","1986-08-15 11:11:07","601","1924","20","295385.25"
"3981.04","3809.78","2011-04-13 22:29:59","602","1882","32","55819.26"
"1493.99","4744.12","1979-05-06 05:56:00","603","788","6","167111.74000000002"
"3972.79","943.34","2005-12-10 02:50:59","604","1464","25","89240.14"
"2534.79","2528.04","1988-09-28 15:41:41","605","1919","19","79706.90000000001"
"3056.09","491.69","1998-09-16 11:35:14","606","119","41","252833.88"
"397.78","4655.76","1988-06-06 22:53:16","607","1586","34","361042.11"
"1312.52","1498.30","1990-10-01 21:12:27","608","1613","4","225942.75"
"110.90","3323.47","1998-01-09 21:21:59","609","1832","21","270281.27999999997"
"2607.19","1922.06","1989-01-12 01:37:06","610","1735","31","3005.17"
"181.21","552.30","1985-08-03 08:31:23","611","1243","3","5867.7300000000005"
"2357.02","3293.55","1994-03-19 04:39:40","612","1309","24","6758.22"
"3154.22","4466.84","1994-04-05 11:14:33","613","1456","9","59342.299999999996"
"3577.58","323.31","1981-06-07 03:10:57","614","371","0","339730.44"
"3481.63","3665.40","2013-04-15 11:36:44","615","1052","6","296363.61"
"2546.63","4017.91","1995-08-17 17:00:56","616","651","2","325685.52"
"3893.78","3768.37","1973-08-10 04:48:17","617","351","28","24012.04"
"4992.60","4254.98","1971-05-25 19:18:09","618","1874","6","123678.72"
"142.30","3469.70","2012-10-19 07:13:32","619","1143","15","443216.07"
"131.48","3020.37","2002-06-02 02:41:36","620","1190","27","355114.32"
"2699.06","3765.31","1985-12-11 15:06:40","621","675","43","135416.05000000002"
"3467.72","3718.18","1998-09-05 19:28:38","622","1364","14","101801.43"
"4846.99","3353.01","1980-11-13 06:05:52","623","99","37","166942.40000000002"
"470.46","687.27","2005-05-17 06:29:46","624","1345","23","43105.22"
"147.53","4898.36","1994-01-13 16:44:10","625","619","10","1365.57"
"4569.42","2162.55","2005-01-23 22:49:17","626","1136","39","93505.68000000001"
"708.35","4310.02","2014-03-11 06:52:12","627","231","11","209167.65"
"614.87","844.02","2021-01-13 02:23:59","628","1074","1","220565.52000000002"
"3430.11","3444.98","2014-04-03 17:27:40","629","1903","16","287335.62"
"1451.19","3179.27","1970-05-23 23:36:54","630","1480","9","236926.07"
"2160.02","4995.49","2009-06-18 18:45:52","631","24","41","216666.0"
"3860.10","1011.02","1983-02-04 20:47:18","632","684","20","56052.78"
"1699.63","604.24","1975-08-20 12:36:29","633","667","24","57523.35"
"3297.12","4375.87","1998-04-16 16:25:58","634","1440","6","384952.5"
"1688.72","279.93","2013-10-15 16:50:59","635","1232","43","236495.49"
"2679.68","885.79","2011-08-06 05:58:58","636","1773","14","250641.8"
"1674.20","644.25","1988-06-09 13:01:14","637","413","48","273141.72"
"345.74","1649.29","2017-08-22 19:17:21","638","1342","30","10846.400000000001"
"3912.39","863.98","1998-04-29 08:41:48","639","1295","38","6366.0"
"4394.91","1949.94","1987-03-13 16:34:28","640","1896","13","32415.39"
"2857.80","1112.16","1985-06-20 00:59:35","641","1461","10","74673.0"
"3072.31","1905.52","2010-11-17 05:55:12","642","1097","33","98386.48"
"3894.37","623.47","1972-01-06 00:47:18","643","1417","21","281600.73"
"3027.19","570.17","1999-08-05 15:22:40","644","1828","11","27546.88"
"239.28","28.69","1981-08-28 07:39:22","645","21","32","74462.4"
"1799.56","160.75","2020-09-30 05:44:29","646","111","6","56790.54"
"3199.75","4451.40","1994-12-15 05:52:03","647","1663","40","35535.28"
"1454.25","3763.98","2011-08-22 16:14:16","648","446","22","215063.94000000003"
"1453.19","866.45","2004-02-04 22:37:22","649","887","49","3140.1"
"1657.39","12.93","2005-07-02 01:34:47","650","213","26","149332.5"
"3437.98","3345.96","1975-05-07 15:31:54","651","1878","46","52158.96000000001"
"4413.11","2424.27","2015-02-18 04:40:53","652","635","47","189426.75"
"684.16","2685.56","1987-10-06 18:36:59","653","1939","15","146859.57"
"4917.63","3833.96","1971-01-31 09:52:52","654","393","22","8669.04"
"4600.24","2057.77","1974-09-23 23:58:57","655","1039","1","83360.54999999999"
"808.01","4259.31","2002-06-11 11:56:49","656","1236","36","65930.34"
"3988.07","4169.26","1974-03-04 22:25:32","657","914","16","76541.40000000001"
"3622.21","3501.85","1998-10-31 02:54:20","658","713","21","281814.83999999997"
"2250.08","693.69","2004-03-03 06:31:36","659","1412","27","72820.86"
"1381.65","916.90","1974-04-24 13:57:38","660","1805","39","29120.78"
"134.98","37.46","1976-08-07 07:44:50","661","1275","28","11915.16"
"928.16","688.30","1997-02-14 04:55:35","662","429","17","369350.24"
"1151.32","4846.62","2011-08-13 11:27:18","663","1392","13","396344.75"
"1288.26","1714.68","2003-10-29 08:16:42","664","1831","38","85806.14"
"2561.61","654.23","1978-01-07 22:56:04","665","164","7","10508.72"
"3226.27","3274.59","2003-11-06 16:02:53","666","1095","19","308437.08"
"4186.06","2239.38","1975-06-02 00:11:25","667","1480","0","2925.44"
"2060.29","2375.72","1979-08-06 00:38:48","668","1741","39","156092.79"
"122.89","2308.76","2004-03-06 00:03:02","669","1859","18","163191.5"
"757.01","3355.06","1999-07-30 01:23:18","670","1961","15","280147.54"
"1585.22","2887.22","2004-10-19 16:49:10","671","778","10","121475.26"
"946.47","4896.25","2007-10-26 03:59:55","672","1285","4","79653.42"
"666.65","3174.94","2012-01-31 03:59:13","673","991","1","26765.86"
"1555.06","1992.12","2009-02-16 20:20:21","674","259","34","64230.659999999996"
"1359.72","251.41","2013-06-06 11:36:58","675","1534","31","2701.09"
"1666.12","128.36","1983-09-15 17:47:57","676","1435","23","13818.2"
"1898.17","4583.43","2008-03-21 00:53:50","677","1833","6","146884.03"
"4805.92","341.73","2014-01-15 16:10:34","678","36","3","65340.560000000005"
"3822.13","2268.66","1988-04-06 15:04:44","679","724","11","228224.69999999998"
"4135.06","1601.90","1974-06-27 14:41:13","680","610","35","221863.04"
"1484.27","325.50","2001-03-03 01:18:41","681","1243","42","258999.42"
"4420.85","732.90","2013-07-08 22:34:00","682","924","2","1848.3400000000001"
"2001.05","4115.71","1994-06-06 14:22:07","683","1125","36","8645.38"
"2857.88","897.54","1988-04-23 23:52:00","684","1410","3","34948.0"
"1172.27","2505.72","2021-07-01 20:32:37","685","1148","21","198371.59"
"4302.31","114.14","2009-04-15 23:40:29","686","1462","49","448005.17"
"223.26","334.20","1990-03-23 00:41:30","687","97","49","134734.76"
"1117.70","2619.81","2014-12-23 05:27:08","688","539","28","189696.87"
"1111.37","300.46","1998-11-09 10:05:06","689","1954","24","48929.07"
"599.35","2877.48","2017-11-09 14:08:51","690","802","29","21516.11"
"4040.84","2575.65","1971-08-03 01:21:09","691","1302","0","55784.159999999996"
"3073.82","4903.09","1976-10-14 11:09:29","692","1684","26","33171.42"
"3359.01","1149.98","1977-03-01 06:11:00","693","1006","43","68410.34999999999"
"3179.62","1680.56","1982-01-09 06:47:07","694","613","0","113186.70000000001"
"498.67","146.68","2018-04-10 14:47:31","695","1935","19","477821.02999999997"
"2655.25","2342.56","2010-10-22 01:33:50","696","1802","37","15205.28"
"4073.27","3464.63","1971-07-03 06:53:35","697","179","45","396.48"
"320.95","458.85","2000-09-03 15:48:20","698","1541","42","8215.62"
"2524.12","1934.86","2014-12-17 23:50:42","699","1703","17","22098.36"
"3854.85","1055.15","1974-06-27 09:05:10","700","131","28","135991.26"
"3038.83","1250.46","1994-02-03 05:18:08","701","1388","2","184672.80000000002"
"2098.06","4593.80","1989-06-25 02:19:58","702","890","48","216443.25"
"904.62","2951.39","1987-07-21 00:47:48","703","48","29","154861.47"
"4749.14","1312.84","2009-11-21 03:37:15","704","821","36","166766.59999999998"
"3153.56","122.44","1991-11-29 11:41:01","705","1797","16","313649.82"
"3753.61","310.02","1992-04-01 08:57:32","706","1161","18","121351.07"
"330.84","3175.41","1970-12-27 10:19:14","707","416","3","40423.6"
"4503.11","2281.07","1993-06-23 17:32:35","708","1337","17","60348.240000000005"
"1643.42","3451.54","2014-04-24 23:38:51","709","892","17","309072.49"
"2267.97","4610.14","1985-11-21 00:41:41","710","490","10","11086.56"
"376.86","3807.34","2005-06-24 08:54:46","711","1455","4","63882.0"
"1297.92","4576.60","2017-08-13 08:05:19","712","1876","40","27928.890000000003"
"264.35","1410.27","1982-09-01 14:35:46","713","1103","11","327779.46"
"3819.87","4252.61","1987-08-04 14:57:15","714","846","47","244483.12000000002"
"1811.57","2804.20","1998-11-04 01:29:40","715","1550","40","412695.92"
"2924.72","4890.39","2013-01-31 02:59:40","716","312","48","281108.04000000004"
"1033.32","2868.85","2001-06-04 10:19:49","717","652","46","419044.85000000003"
"1464.15","4696.75","2001-04-24 22:13:56","718","1069","30","10967.550000000001"
"3681.49","1363.52","1989-12-22 23:06:37","719","1911","6","82346.40000000001"
"2929.91","2096.95","1972-06-23 12:46:22","720","172","9","20314.75"
"864.29","3910.88","1981-07-01 07:28:35","721","1583","47","195202.56"
"643.25","529.80","2006-05-07 08:34:01","722","770","47","19120.64"
"381.79","4449.98","1988-10-11 14:18:40","723","1859","22","61495.8"
"3482.99","3205.93","2002-01-20 14:42:37","724","881","38","121442.56"
"3612.91","3047.83","2018-09-21 12:20:50","725","1540","39","429872.33999999997"
"1321.23","1207.45","1996-02-03 15:13:10","726","1079","27","59743.86"
"3011.33","3126.05","2010-04-17 19:00:51","727","512","10","28540.93"
"81.97","4796.82","1975-02-21 22:18:26","728","103","41","289559.19999999995"
"2787.28","4358.34","2015-08-14 04:25:24","729","119","26","3677.3"
"4825.81","2964.88","2009-07-22 02:01:05","730","1555","45","59806.799999999996"
"1520.92","1435.84","1976-09-13 01:45:07","731","336","38","294711.75"
"4006.35","4028.30","2016-12-09 21:05:40","732","1225","16","132894.0"
"3796.80","217.55","1988-11-22 20:04:07","733","1753","7","55626.8"
"3197.04","244.75","1998-11-06 01:21:21","734","1357","12","1338.7"
"4108.43","4962.63","2017-12-28 02:30:17","735","1682","0","388232.0"
"270.23","316.77","2014-12-01 05:56:48","736","643","6","85755.96"
"718.94","3659.31","1977-11-14 08:48:25","737","1520","9","192242.96"
"4953.51","4177.04","2013-03-26 02:52:57","738","1592","7","113747.21999999999"
"2943.75","3211.50","1981-11-12 22:53:20","739","1039","34","17569.64"
"4941.29","3508.57","1990-05-29 22:01:37","740","294","41","146663.44"
"1075.69","2282.26","2020-12-17 13:25:43","741","1599","37","48889.11"
"3503.40","42.05","2003-05-31 07:11:34","742","628","45","353418.0"
"4709.52","1556.39","2010-09-15 15:33:38","743","458","21","407148.0"
"1775.57","3946.61","2013-11-23 18:03:01","744","1394","22","17277.3"
"1926.58","1031.88","1976-12-21 23:52:22","745","267","12","27399.420000000002"
"965.76","2417.20","2006-08-21 14:40:38","746","1184","16","420504.27999999997"
"4797.23","4972.85","1971-06-20 00:10:40","747","501","2","27206.08"
"3516.57","2443.96","2009-08-08 05:58:30","748","143","8","35035.95"
"1663.26","4261.28","1984-08-07 15:43:20","749","1951","36","232537.76"
"1505.44","2413.76","1978-07-06 22:26:46","750","161","9","345067.23"
"1281.70","4465.15","2016-03-17 18:22:15","751","1025","46","33946.99"
"3175.39","1734.35","1982-03-07 22:40:01","752","1891","16","92277.64"
"4024.81","64.36","1995-05-10 12:31:59","753","1054","21","123312.68000000001"
"3626.25","2574.26","1973-07-12 05:14:42","754","1164","41","60872.96000000001"
"4039.26","4594.16","1975-03-15 11:42:30","755","316","26","50955.079999999994"
"3730.15","2966.68","2021-04-01 06:24:10","756","816","11","299375.7"
"4528.47","4096.13","2003-09-15 13:47:49","757","925","44","215646.96000000002"
"2939.97","3358.49","1988-05-01 01:34:45","758","57","44","82851.03"
"2354.38","1371.05","1999-09-13 23:54:33","759","471","2","14839.6"
"331.10","2681.90","1989-02-09 01:17:38","760","1471","36","68077.8"
"2763.83","3153.34","1985-09-16 23:56:15","761","1986","37","69156.12"
"3735.21","4907.51","2021-08-21 13:06:44","762","1531","11","107091.59999999999"
"327.41","3681.94","2015-11-24 14:40:17","763","933","39","77202.13"
"3450.89","4547.14","1996-10-07 06:50:43","764","243","35","29467.98"
"1274.41","1105.13","1990-05-03 04:52:29","765","1946","33","26433.300000000003"
"2873.11","2085.81","1977-11-17 03:51:57","766","422","25","325872.8"
"3090.52","1381.60","1979-03-01 14:40:43","767","352","16","112733.28"
"325.39","1385.79","1999-10-16 16:49:19","768","744","38","73139.22"
"3019.64","1591.39","1980-04-16 00:47:13","769","623","49","24482.25"
"1431.56","1599.88","1978-07-17 07:24:21","770","56","11","8491.08"
"1466.75","884.83","1989-01-26 01:24:45","771","1286","10","12890.24"
"2119.84","2656.80","2013-10-19 04:37:22","772","1178","41","11106.3"
"4946.28","4009.52","2009-09-26 06:29:10","773","1145","10","86370.41"
"184.20","3059.45","1970-09-23 03:06:54","774","394","3","145669.91999999998"
"4902.41","4971.07","1972-07-01 20:16:09","775","1906","3","357047.27999999997"
"2965.98","1792.96","1997-02-21 16:09:44","776","1549","7","190507.44999999998"
"3199.89","1913.95","2018-11-14 01:10:30","777","566","35","157023.2"
"360.38","3975.12","2009-12-01 21:15:39","778","210","19","101607.12"
"3673.03","4799.79","2020-12-15 01:44:35","779","1521","46","1223.39"
"4395.08","3288.05","2007-08-19 07:07:02","780","10","35","15272.999999999998"
"585.07","3544.69","2018-07-25 12:18:53","781","579","13","195452.99999999997"
"1806.61","4344.35","1994-09-12 15:04:00","782","247","48","32419.1"
"2803.78","2887.35","1980-03-25 15:55:06","783","1000","5","7684.25"
"1569.70","384.76","2010-03-09 17:16:59","784","1149","26","216949.47"
"3644.32","4780.85","1983-07-10 12:29:25","785","428","14","81051.92"
"3503.58","2550.25","1984-06-11 13:59:13","786","1128","19","16937.46"
"3421.35","278.55","2001-06-03 03:26:51","787","1163","20","188805.49"
"976.64","600.02","1974-04-09 09:21:07","788","1828","47","615.12"
"1859.75","3190.24","1984-01-24 03:31:07","789","796","41","6081.92"
"2762.02","2699.44","1983-03-04 06:02:24","790","620","26","237035.14999999997"
"1689.91","1324.21","1988-09-01 22:54:14","791","1618","14","65459.310000000005"
"2305.03","1363.29","2007-05-02 12:44:50","792","661","42","328450.14"
"851.64","264.94","1977-07-08 10:13:20","793","1932","28","84100.65999999999"
"3081.42","4366.94","1982-08-20 00:21:38","794","1642","35","384103.1"
"4250.64","4180.19","2018-10-14 21:06:32","795","1874","15","40351.5"
"2919.77","3584.80","1987-04-01 01:19:21","796","241","22","148917.18"
"4824.48","4259.41","1977-08-14 18:54:19","797","802","26","42627.6"
"3814.93","2347.85","1987-11-23 04:06:35","798","566","26","139852.92"
"36.72","1519.70","2016-05-03 00:18:27","799","927","4","91954.37999999999"
"1720.94","4463.24","2017-01-06 13:10:12","800","241","20","396308.4"
"1063.94","2414.68","2014-03-29 00:34:16","801","1465","23","138899.5"
"25.15","3183.26","2011-12-10 12:20:38","802","771","40","53119.92"
"2338.01","2736.87","1989-03-29 14:03:22","803","148","30","144887.48"
"4292.07","557.89","1993-12-29 13:39:18","804","561","25","69301.8"
"4084.72","4914.01","2006-01-17 04:21:07","805","1713","45","33869.44"
"1542.52","1734.49","2007-06-07 06:48:58","806","90","25","14341.419999999998"
"178.70","4770.52","2008-06-07 02:54:06","807","1849","43","19644.390000000003"
"3519.93","4274.78","1978-06-07 23:35:14","808","1740","45","2900.54"
"698.44","1677.12","1970-08-11 14:31:49","809","1302","0","49336.979999999996"
"2822.22","3230.90","1981-03-16 13:19:13","810","104","21","497.49999999999994"
"4803.02","1302.14","1982-04-28 18:49:45","811","963","30","73592.4"
"119.32","3760.98","1983-09-17 20:15:28","812","1366","7","17598.0"
"1214.74","4305.21","1992-08-23 04:33:19","813","946","33","57471.44"
"2261.72","4650.20","2012-03-06 05:43:00","814","772","36","57038.0"
"2974.48","888.76","2004-09-23 14:59:30","815","1934","25","166382.44"
"2604.98","2844.28","2020-11-22 21:32:34","816","633","1","992.6"
"574.25","2354.88","1986-10-23 00:27:25","817","1979","6","33846.9"
"1068.45","2275.91","1983-06-10 21:58:40","818","373","9","388141.22000000003"
"1911.51","951.28","1996-04-08 00:22:56","819","607","40","20115.870000000003"
"4343.08","2009.84","1980-07-08 09:25:31","820","108","0","99472.24"
"4015.76","4556.01","2020-09-24 13:21:06","821","1416","36","154033.46"
"1100.46","2101.69","1995-11-23 04:02:29","822","1303","23","121739.75"
"532.19","2292.04","1986-11-10 19:01:54","823","292","5","159184.32"
"1189.64","3947.82","2017-09-16 01:12:04","824","714","28","1561.2"
"2403.54","2481.40","1991-06-10 03:13:15","825","1333","3","100368.08"
"1401.42","4429.42","1984-06-17 07:59:20","826","703","1","12910.5"
"1020.03","1838.88","1973-01-25 14:41:30","827","1520","10","112959.84000000001"
"1319.84","3970.11","2004-04-05 05:08:04","828","376","22","120650.40000000001"
"394.93","308.77","2009-08-11 00:16:07","829","1305","32","28170.120000000003"
"620.01","939.81","1995-10-27 23:20:05","830","486","45","355278.72000000003"
"2502.90","1452.77","1972-05-30 09:18:23","831","265","12","259736.0"
"4037.85","4583.51","2004-10-21 08:49:12","832","801","4","168311.56"
"4858.00","4138.19","1971-05-07 21:56:49","833","1039","31","1881.44"
"1300.72","3670.62","1996-04-08 05:28:21","834","1185","24","284669.12"
"3172.09","4050.41","1986-03-06 06:15:35","835","1846","19","222621.63"
"1823.97","2044.02","1972-03-27 08:37:14","836","1147","30","105169.44"
"3198.45","2303.93","1972-10-22 01:41:01","837","1653","22","347351.2"
"2773.09","398.61","1997-10-04 17:11:51","838","1591","35","185692.91999999998"
"2973.19","1010.96","1976-10-13 15:33:15","839","1186","17","216917.1"
"20.96","1044.66","1994-05-06 06:35:38","840","401","25","119757.95999999999"
"4996.45","687.48","1986-06-20 14:42:14","841","923","1","153069.15"
"3093.24","1369.52","1978-10-11 05:14:59","842","396","20","35715.06"
"285.57","108.71","2012-04-13 09:34:08","843","638","16","199990.41999999998"
"700.11","3724.71","1977-02-02 23:09:17","844","1984","9","3805.0199999999995"
"1309.71","2813.24","1981-04-25 22:25:07","845","500","41","63297.29"
"2301.78","1624.14","2020-01-09 14:23:36","846","351","20","81491.40000000001"
"1561.06","2472.16","1971-10-28 14:44:55","847","116","11","144875.0"
"1127.07","3105.74","2013-05-22 19:58:17","848","1008","10","157022.72"
"1710.29","2600.68","1974-12-03 15:22:12","849","932","24","62203.68"
"608.49","2910.07","1988-12-27 07:01:10","850","1015","41","23075.999999999996"
"1074.96","4380.56","1974-02-19 04:24:53","851","1404","0","9205.199999999999"
"264.21","56.65","2011-04-19 11:42:16","852","652","14","0.0"
"2106.13","4784.93","1987-12-17 11:53:08","853","1322","31","448620.3"
"1721.63","4979.50","1995-03-01 20:13:23","854","12","42","15738.300000000001"
"2886.88","2266.88","2011-12-15 07:40:55","855","1267","1","11517.800000000001"
"2317.36","2625.14","1977-10-12 07:30:15","856","1306","39","480852.00000000006"
"4988.67","733.41","1988-05-08 02:34:20","857","1425","39","59669.6"
"3096.94","1974.91","1991-05-09 05:23:38","858","1766","21","173889.9"
"4043.77","2087.61","2019-03-19 08:38:22","859","1622","8","168934.00999999998"
"16.06","2955.13","1987-03-20 18:30:06","860","1839","4","62499.5"
"4601.98","4838.82","1989-05-08 04:03:05","861","1510","5","4987.08"
"366.11","86.02","2010-10-16 02:57:30","862","747","20","277652.61"
"4304.37","3495.40","2008-11-10 00:11:08","863","1175","19","234280.52999999997"
"1594.17","237.16","2008-10-14 04:09:19","864","929","10","65584.35"
"1302.51","665.55","1976-04-09 15:54:59","865","1675","49","32500.82"
"1945.84","2114.53","1971-04-25 02:25:20","866","1200","29","49462.25"
"694.74","2664.74","1986-10-21 21:17:04","867","200","17","205545.36000000002"
"2826.14","1891.09","1988-12-20 20:22:19","868","879","36","142463.36"
"3280.27","41.65","2001-01-18 06:36:22","869","1820","19","339007.89999999997"
"2599.22","1417.38","2002-07-04 13:02:59","870","279","35","170635.86"
"3286.33","326.72","2010-07-31 11:09:21","871","1085","25","164655.19"
"3912.54","4365.39","2001-10-05 15:45:02","872","515","42","64029.42"
"568.16","3869.41","2021-05-29 07:42:54","873","710","31","108503.85"
"149.91","4497.21","1975-05-27 06:05:00","874","856","15","124366.48"
"4500.25","4481.25","2018-08-28 18:27:00","875","767","5","48360.48"
"4518.45","2316.21","1995-02-27 04:25:12","876","1689","11","42015.200000000004"
"3864.63","4431.79","1974-06-03 10:57:24","877","1869","26","139401.1"
"4651.42","4627.99","2013-02-05 00:40:34","878","960","34","330286.36"
"4669.50","1671.35","1979-12-18 14:30:34","879","484","34","150017.49"
"703.07","1975.74","2008-12-07 21:16:00","880","1939","29","49824.719999999994"
"3767.37","4915.95","2010-07-28 10:37:47","881","625","36","41725.600000000006"
"4743.58","1245.59","1995-03-15 05:20:22","882","1225","17","16423.04"
"857.71","274.95","1985-08-26 20:59:39","883","1857","29","156866.4"
"4930.81","134.34","2019-11-14 21:14:01","884","1894","36","51122.5"
"3320.93","3217.70","2017-06-07 08:16:34","885","700","5","6063.38"
"3199.47","790.59","2012-02-14 12:01:05","886","683","16","19447.02"
"1057.70","4684.78","1984-02-19 18:06:49","887","1273","0","1001.8199999999999"
"2605.51","1342.53","2017-12-27 18:17:48","888","1091","28","0.0"
"3873.75","2306.78","1993-06-10 11:12:32","889","1760","34","19858.8"
"4829.76","2632.41","1973-08-15 11:09:15","890","60","17","205424.44999999998"
"2999.39","4291.81","2020-01-29 16:58:48","891","339","31","166674.90000000002"
"3250.23","698.08","1988-03-18 13:20:49","892","1138","33","49542.72"
"1107.49","4102.12","2006-07-14 04:36:05","893","103","41","12008.16"
"4818.22","4882.29","2006-04-23 18:18:00","894","1276","47","681.01"
"1289.72","3266.02","2015-12-02 00:22:09","895","1702","37","25148.7"
"907.13","1058.88","1990-04-18 23:34:47","896","677","27","85205.7"
"191.67","2508.64","1987-05-04 19:56:44","897","467","46","258214.93"
"3328.60","4087.04","1988-07-28 22:10:56","898","531","25","108870.6"
"3736.31","2994.11","2017-06-28 19:54:16","899","1865","20","159239.99000000002"
"2394.36","4997.28","1997-11-23 08:16:11","900","1568","4","32374.539999999997"
"3012.81","2540.35","2006-12-15 05:15:52","901","1272","34","29389.32"
"4587.18","627.13","2001-09-19 04:34:54","902","796","19","4503.16"
"3757.35","950.17","1981-09-07 09:28:47","903","1023","32","360408.36"
"545.61","2655.20","1987-04-15 17:28:05","904","1481","32","307226.04"
"3922.72","1936.41","1979-01-08 01:32:42","905","935","4","65880.5"
"2063.01","2767.17","1996-01-18 06:23:43","906","1505","0","411766.31999999995"
"2648.23","4311.06","1987-08-02 07:28:01","907","627","38","122967.04000000001"
"2423.38","4436.47","2005-11-08 16:57:24","908","969","13","1119.43"
"2699.01","4581.58","1973-01-06 07:11:19","909","1796","25","99586.8"
"3580.56","3438.34","1974-02-14 00:44:08","910","1665","28","183936.48"
"4574.09","3175.90","1976-02-13 08:52:59","911","1073","11","273772.73"
"1207.39","3398.00","1977-11-20 01:36:39","912","1840","18","97106.23999999999"
"3528.66","231.30","1987-01-01 11:46:20","913","1291","2","53149.86"
"3222.29","218.86","1995-01-17 03:16:02","914","1496","4","5914.049999999999"
"3889.41","2124.16","1998-07-22 23:23:06","915","894","14","146220.18"
"4249.69","144.86","2001-07-12 02:42:21","916","1919","37","279378.12"
"2469.65","2515.44","1994-12-28 00:57:52","917","292","47","383945.11"
"2213.49","2307.24","1993-09-26 03:11:51","918","1849","2","106742.70000000001"
"681.41","834.56","2021-04-23 09:49:02","919","1955","16","11588.86"
"2534.47","4645.78","2002-05-06 18:45:32","920","1785","1","153532.16"
"173.69","3175.13","1971-01-28 11:12:13","921","715","14","55337.51"
"4728.27","4946.66","1987-09-27 12:00:10","922","861","34","23577.12"
"3692.33","1834.88","2002-10-09 16:09:22","923","156","44","26022.1"
"3714.70","4057.40","1999-02-24 10:46:07","924","1082","22","66724.4"
"3134.95","4726.69","2003-06-23 11:06:10","925","1869","43","54055.44"
"1279.54","2288.15","2020-11-19 15:03:22","926","1254","47","35518.56"
"3705.82","3200.72","1973-09-08 13:36:35","927","354","27","52619.090000000004"
"4752.71","4228.42","1978-04-18 05:50:57","928","86","8","30518.46"
"1729.75","182.94","2006-05-14 12:38:20","929","1037","1","175230.0"
"2153.91","4479.83","1980-10-15 13:07:42","930","1419","45","40115.46"
"2466.21","4783.92","1982-01-16 04:07:50","931","23","32","59176.799999999996"
"2024.87","3681.94","2004-04-24 15:16:11","932","785","0","178368.19999999998"
"1163.20","4948.45","1988-07-11 02:53:08","933","701","49","197095.15"
"2462.58","3296.80","2008-01-21 22:29:02","934","1481","42","424264.3"
"957.38","1059.78","1996-06-01 10:17:37","935","19","3","56684.88"
"4149.66","4894.29","1989-11-01 14:03:51","936","254","21","389246.4"
"1644.88","2452.58","1986-06-23 16:54:04","937","1703","48","61940.12"
"908.24","2806.36","1972-03-26 16:49:08","938","369","37","3728.6"
"1894.06","1948.99","1990-08-01 12:03:49","939","491","16","218426.4"
"648.38","727.12","1992-06-19 02:41:42","940","1699","46","0.0"
"4666.28","258.10","2010-07-06 15:12:41","941","133","32","399058.0"
"1428.99","3307.78","2001-04-01 01:44:45","942","205","41","21950.54"
"36.81","3847.54","1991-09-27 14:59:28","943","1040","29","16668.5"
"3617.82","406.03","2012-04-20 05:09:44","944","884","47","16126.439999999999"
"3104.43","47.34","2014-08-16 09:39:43","945","664","13","20859.28"
"2014.93","4905.57","1981-01-06 04:15:41","946","911","19","24621.85"
"3821.01","594.34","2003-07-13 13:29:02","947","1334","20","434808.61"
"1406.13","1165.93","1976-04-09 04:01:52","948","1175","2","178574.85"
"659.42","4171.29","2018-10-29 02:34:11","949","921","6","204.48"
"3335.21","4504.11","2020-10-24 00:12:54","950","844","31","5375.8"
"664.81","4401.04","1982-06-01 14:39:20","951","475","4","32117.76"
"2869.80","391.88","2006-10-21 06:35:11","952","607","49","134797.44"
"4150.73","4230.19","1972-11-02 09:09:52","953","473","31","227251.97999999998"
"1420.29","4305.12","2012-01-20 05:40:56","954","718","18","160614.9"
"386.64","4249.02","1983-04-15 03:57:05","955","805","16","1853.08"
"2956.25","2080.05","1971-10-29 04:14:47","956","1036","36","129361.5"
"2546.50","3434.89","1998-05-04 14:15:31","957","1889","19","300479.76"
"3020.13","3951.11","2013-04-21 22:51:29","958","235","13","3055.68"
"2198.92","1513.24","2019-03-12 07:32:58","959","1191","29","146041.24"
"4330.96","242.10","1971-12-20 03:34:22","960","1474","35","422559.89999999997"
"2072.11","4439.73","1970-01-30 13:44:23","961","63","13","106570.62"
"612.42","1803.85","1986-04-06 04:23:44","962","892","36","13736.16"
"4985.54","4405.97","2001-06-15 21:41:01","963","790","33","9439.96"
"210.24","3257.46","1975-04-08 00:29:25","964","1981","48","90452.16"
"2473.32","1836.54","1977-04-10 14:56:52","965","803","3","52828.17"
"588.53","4499.81","2006-05-05 21:56:12","966","1734","6","242313.4"
"1003.04","111.24","1981-04-27 06:11:53","967","1199","49","46802.34"
"3217.07","1351.62","1973-05-13 17:49:43","968","1586","45","24799.68"
"1342.56","691.15","1974-11-02 16:34:02","969","389","42","2265.0"
"2614.78","1763.38","2017-01-08 00:48:37","970","545","1","298729.2"
"3617.61","444.60","1980-06-05 05:07:28","971","1647","34","264057.3"
"4670.15","4817.55","1994-10-05 02:37:51","972","1013","43","103737.78"
"2303.04","4789.21","1971-04-01 16:35:48","973","1940","22","110870.7"
"4707.94","2539.04","1989-11-18 09:50:33","974","435","8","133621.46"
"1025.55","480.15","2012-01-19 03:30:02","975","103","18","250243.3"
"882.01","4231.78","1994-02-05 16:42:17","976","6","2","293733.0"
"235.84","3128.44","1984-04-02 12:05:34","977","1152","8","373984.29000000004"
"720.33","1348.94","1985-07-04 19:20:56","978","942","1","1819.84"
"2779.02","3593.77","2004-09-10 12:14:43","979","488","43","301243.2"
"2589.85","3941.90","1999-11-21 16:57:48","980","1652","2","157844.15"
"2430.92","992.58","1973-08-21 11:41:14","981","1392","7","366651.45"
"4530.62","3360.74","1994-07-21 13:03:21","982","1991","8","70065.54"
"1979.85","4063.84","1986-01-14 13:10:35","983","363","16","79792.2"
"141.54","254.74","1973-03-24 17:03:34","984","1191","8","17144.46"
"4012.65","1142.32","2004-01-11 00:21:06","985","673","33","38658.44"
"3052.70","2148.15","2010-02-14 20:55:26","986","1355","41","11275.11"
"966.65","2117.46","1994-07-08 12:50:14","987","393","38","26454.960000000003"
"870.84","1699.32","1990-12-11 12:41:57","988","1323","22","204021.96000000002"
"4198.57","2016.84","2010-03-15 19:16:04","989","469","28","5229.8"
"1410.33","2713.08","2020-04-27 16:06:08","990","700","45","167907.30000000002"
"1871.16","2014.93","2014-12-07 09:03:30","991","1812","40","128996.66"
"7.05","596.64","2013-10-20 11:32:38","992","1843","13","248495.22"
"1103.73","579.23","1983-09-08 09:12:58","993","92","20","129155.16"
"3572.75","2243.82","2019-10-14 00:17:41","994","1114","13","273528.71"
"1462.12","1659.02","1993-06-24 12:02:14","995","314","30","97571.6"
"3908.64","1698.81","2014-11-07 19:48:38","996","1234","0","1927.87"
"43.30","1659.54","1995-01-27 20:28:41","997","1648","5","296957.25"
"2759.87","4319.21","1993-01-21 20:18:43","998","314","27","98498.7"
"4981.04","4578.48","2008-10-15 10:42:19","999","49","29","177835.78"
